-- MySQL dump 10.13  Distrib 8.0.33, for Win64 (x86_64)
--
-- Host: 127.0.0.1    Database: littlelemondb
-- ------------------------------------------------------
-- Server version	8.0.33

/*!40101 SET @OLD_CHARACTER_SET_CLIENT=@@CHARACTER_SET_CLIENT */;
/*!40101 SET @OLD_CHARACTER_SET_RESULTS=@@CHARACTER_SET_RESULTS */;
/*!40101 SET @OLD_COLLATION_CONNECTION=@@COLLATION_CONNECTION */;
/*!50503 SET NAMES utf8 */;
/*!40103 SET @OLD_TIME_ZONE=@@TIME_ZONE */;
/*!40103 SET TIME_ZONE='+00:00' */;
/*!40014 SET @OLD_UNIQUE_CHECKS=@@UNIQUE_CHECKS, UNIQUE_CHECKS=0 */;
/*!40014 SET @OLD_FOREIGN_KEY_CHECKS=@@FOREIGN_KEY_CHECKS, FOREIGN_KEY_CHECKS=0 */;
/*!40101 SET @OLD_SQL_MODE=@@SQL_MODE, SQL_MODE='NO_AUTO_VALUE_ON_ZERO' */;
/*!40111 SET @OLD_SQL_NOTES=@@SQL_NOTES, SQL_NOTES=0 */;

--
-- Table structure for table `bookings`
--

DROP TABLE IF EXISTS `bookings`;
/*!40101 SET @saved_cs_client     = @@character_set_client */;
/*!50503 SET character_set_client = utf8mb4 */;
CREATE TABLE `bookings` (
  `BookingID` int unsigned NOT NULL AUTO_INCREMENT,
  `TableSlot` int DEFAULT NULL,
  `Customers` int unsigned DEFAULT NULL,
  `Staff` int DEFAULT NULL,
  `BookingDate` date DEFAULT NULL,
  PRIMARY KEY (`BookingID`),
  KEY `fk_Bookings_Customers1_idx` (`Customers`),
  KEY `fk_Bookings_Staff1_idx` (`Staff`),
  CONSTRAINT `fk_Bookings_Customers1` FOREIGN KEY (`Customers`) REFERENCES `customers` (`CustomerID`),
  CONSTRAINT `fk_Bookings_Staff1` FOREIGN KEY (`Staff`) REFERENCES `staff` (`StaffID`)
) ENGINE=InnoDB AUTO_INCREMENT=7 DEFAULT CHARSET=utf8mb3;
/*!40101 SET character_set_client = @saved_cs_client */;

--
-- Dumping data for table `bookings`
--

LOCK TABLES `bookings` WRITE;
/*!40000 ALTER TABLE `bookings` DISABLE KEYS */;
INSERT INTO `bookings` VALUES (1,5,1,NULL,'2023-07-02'),(2,3,3,NULL,'2022-11-12'),(3,2,2,NULL,'2022-10-11'),(4,2,1,NULL,'2022-10-13');
/*!40000 ALTER TABLE `bookings` ENABLE KEYS */;
UNLOCK TABLES;

--
-- Table structure for table `contactdetails`
--

DROP TABLE IF EXISTS `contactdetails`;
/*!40101 SET @saved_cs_client     = @@character_set_client */;
/*!50503 SET character_set_client = utf8mb4 */;
CREATE TABLE `contactdetails` (
  `ContactDetailsID` int NOT NULL AUTO_INCREMENT,
  `FirstName` varchar(45) DEFAULT NULL,
  `LastName` varchar(45) DEFAULT NULL,
  `PhoneNumber` varchar(45) DEFAULT NULL,
  `Address` varchar(255) DEFAULT NULL,
  `Email` varchar(100) DEFAULT NULL,
  `isStaff` tinyint DEFAULT '0' COMMENT '\n',
  PRIMARY KEY (`ContactDetailsID`),
  UNIQUE KEY `idContact Details_UNIQUE` (`ContactDetailsID`)
) ENGINE=InnoDB AUTO_INCREMENT=51 DEFAULT CHARSET=utf8mb3;
/*!40101 SET character_set_client = @saved_cs_client */;

--
-- Dumping data for table `contactdetails`
--

LOCK TABLES `contactdetails` WRITE;
/*!40000 ALTER TABLE `contactdetails` DISABLE KEYS */;
INSERT INTO `contactdetails` VALUES (1,'Daniel','Matthews','5554443333','4040 Elm Blvd','daniel.matthews@example.com',0),(2,'Michael','Brown','5551234567','789 Elm Rd','michael.brown@example.com',0),(3,'Ella','Hayes','5554443333','2525 Elmwood Dr','ella.hayes@example.com',0),(4,'Chloe','Harris','2223334444','4646 Maple Rd','chloe.harris@example.com',0),(5,'Harper','Henderson','5554443333','3535 Elmwood Dr','harper.henderson@example.com',0),(6,'Matthew','Russell','8887776566','3434 Pine Dr','matthew.russell@example.com',0),(7,'Sophie','Martin','8887776266','909 Pine Rd','sophie.martin@example.com',0),(8,'Charlotte','Evans','5554443333','1515 Elmwood Dr','charlotte.evans@example.com',0),(9,'Scarlett','Foster','2221110000','3131 Oak Ln','scarlett.foster@example.com',0),(10,'Matthew','Miller','2223334444','404 Birch St','matthew.miller@example.com',0),(11,'Lucas','Bennett','9990001111','4747 Elmwood Dr','lucas.bennett@example.com',0),(12,'Aria','Howard','3332221111','2323 Maple Rd','aria.howard@example.com',0),(13,'Sophia','Davis','7778889999','303 Cedar Ave','sophia.davis@example.com',0),(14,'Alexander','Cole','8887776636','2424 Pine Dr','alexander.cole@example.com',0),(15,'Ava','Anderson','9990001111','707 Cedar St','ava.anderson@example.com',0),(16,'Liam','Mitchell','7778889999','4242 Cedar Ave','liam.mitchell@example.com',0),(17,'Avery','Cooper','3334445555','4848 Oak Ln','avery.cooper@example.com',0),(18,'Mia','Simmons','3332221111','3333 Maple Rd','mia.simmons@example.com',0),(19,'Logan','Perry','2221110000','3636 Oakwood Rd','logan.perry@example.com',0),(20,'Amelia','Simpson','8887776466','3939 Pine Rd','amelia.simpson@example.com',0),(21,'Noah','Collins','7778889999','4545 Cedar Ave','noah.collins@example.com',0),(22,'Lucy','Bailey','2221110000','2121 Oak Ln','lucy.bailey@example.com',0),(23,'Oliver','Murphy','3332221111','1818 Maple Ave','oliver.murphy@example.com',0),(24,'Mason','King','8889990000','1414 Pine Ave','mason.king@example.com',0),(25,'Evelyn','Davis','9997776366','3737 Cedar St','evelyn.davis@example.com',0),(26,'Grace','Parker','4445556616','4444 Pine Blvd','grace.parker@example.com',0),(27,'William','Jackson','3334445555','808 Maple Ave','william.jackson@example.com',0),(28,'Owen','Coleman','9997776656','3232 Cedar Ave','owen.coleman@example.com',0),(29,'Lily','Turner','5556667777','4949 Pine Dr','lily.turner@example.com',0),(30,'Daniel','Jones','4445556696','202 Pine Blvd','daniel.jones@example.com',0),(31,'Grace','Rogers','8887776466','2929 Pine Rd','grace.rogers@example.com',0),(32,'Elijah','Turner','2221110000','1616 Oakwood Rd','elijah.turner@example.com',0),(33,'Benjamin','Scott','9998887777','1212 Cedar Ln','benjamin.scott@example.com',1),(34,'Olivia','Wilson','1112223333','505 Elmwood Dr','olivia.wilson@example.com',1),(35,'Grace','Roberts','9997776566','1717 Cedar St','grace.roberts@example.com',1),(36,'Ella','Ross','2221110000','4141 Oak Ln','ella.ross@example.com',1),(37,'Isabella','Green','3334445555','1313 Maple Rd','isabella.green@example.com',1),(38,'James','Taylor','6467778888','606 Oakwood Rd','james.taylor@example.com',1),(39,'Emily','Williams','8889990000','101 Maple Ln','emily.williams@example.com',1),(40,'Emma','Johnson','9876543210','456 Oak Ave','emma.johnson@example.com',1),(41,'Sebastian','Price','2221110000','2626 Oakwood Rd','sebastian.price@example.com',1),(42,'Aiden','Baker','1112223333','4343 Oakwood Rd','aiden.baker@example.com',1),(43,'Oliver','Thompson','5556567777','1010 Elm Ave','oliver.thompson@example.com',1),(44,'David','Hughes','3332221111','2828 Maple Ave','david.hughes@example.com',1),(45,'Abigail','Long','9997776466','2727 Cedar St','abigail.long@example.com',1),(46,'Ava','Bell','8887776366','1919 Pine Rd','ava.bell@example.com',1),(47,'John','Smith','1234567890','123 Main St','john.smith@example.com',1),(48,'Carter','Cook','5554443333','2020 Elm Blvd','carter.cook@example.com',1),(49,'Amelia','Lee','2223334444','1111 Oak Blvd','amelia.lee@example.com',1),(50,'Samuel','Bennett','5554443333','3030 Elm Blvd','samuel.bennett@example.com',1);
/*!40000 ALTER TABLE `contactdetails` ENABLE KEYS */;
UNLOCK TABLES;

--
-- Table structure for table `customers`
--

DROP TABLE IF EXISTS `customers`;
/*!40101 SET @saved_cs_client     = @@character_set_client */;
/*!50503 SET character_set_client = utf8mb4 */;
CREATE TABLE `customers` (
  `CustomerID` int unsigned NOT NULL AUTO_INCREMENT,
  `ContactDetails` int NOT NULL,
  PRIMARY KEY (`CustomerID`),
  UNIQUE KEY `CustomerID_UNIQUE` (`CustomerID`),
  KEY `fk_Customers_ContactDetails1_idx` (`ContactDetails`),
  CONSTRAINT `fk_Customers_ContactDetails1` FOREIGN KEY (`ContactDetails`) REFERENCES `contactdetails` (`ContactDetailsID`)
) ENGINE=InnoDB AUTO_INCREMENT=33 DEFAULT CHARSET=utf8mb3;
/*!40101 SET character_set_client = @saved_cs_client */;

--
-- Dumping data for table `customers`
--

LOCK TABLES `customers` WRITE;
/*!40000 ALTER TABLE `customers` DISABLE KEYS */;
INSERT INTO `customers` VALUES (1,1),(2,2),(3,3),(4,4),(5,5),(6,6),(7,7),(8,8),(9,9),(10,10),(11,11),(12,12),(13,13),(14,14),(15,15),(16,16),(17,17),(18,18),(19,19),(20,20),(21,21),(22,22),(23,23),(24,24),(25,25),(26,26),(27,27),(28,28),(29,29),(30,30),(31,31),(32,32);
/*!40000 ALTER TABLE `customers` ENABLE KEYS */;
UNLOCK TABLES;

--
-- Table structure for table `menu`
--

DROP TABLE IF EXISTS `menu`;
/*!40101 SET @saved_cs_client     = @@character_set_client */;
/*!50503 SET character_set_client = utf8mb4 */;
CREATE TABLE `menu` (
  `MenuItemID` int NOT NULL AUTO_INCREMENT,
  `Name` varchar(45) DEFAULT NULL,
  `Category` varchar(45) DEFAULT NULL,
  `Price` decimal(10,2) DEFAULT NULL,
  PRIMARY KEY (`MenuItemID`)
) ENGINE=InnoDB AUTO_INCREMENT=51 DEFAULT CHARSET=utf8mb3;
/*!40101 SET character_set_client = @saved_cs_client */;

--
-- Dumping data for table `menu`
--

LOCK TABLES `menu` WRITE;
/*!40000 ALTER TABLE `menu` DISABLE KEYS */;
INSERT INTO `menu` VALUES (1,'Greek Salad','Appetizer',8.99),(2,'Cucumber and Tomato Salad','Appetizer',6.99),(3,'Feta Cheese Dip','Appetizer',7.99),(4,'Hummus with Pita Bread','Appetizer',6.99),(5,'Baba Ganoush','Appetizer',7.99),(6,'Caprese Salad','Appetizer',9.99),(7,'Tabbouleh','Appetizer',7.99),(8,'Spanakopita','Appetizer',8.99),(9,'Mediterranean Platter','Appetizer',14.99),(10,'Stuffed Grape Leaves','Appetizer',6.99),(11,'Mediterranean Flatbread','Appetizer',10.99),(12,'Mezze Platter','Appetizer',13.99),(13,'Grilled Octopus','Appetizer',15.99),(14,'Zucchini Fritters','Appetizer',7.99),(15,'Grilled Halloumi Cheese','Appetizer',8.99),(16,'Mediterranean Omelette','Breakfast',11.99),(17,'Mediterranean Quiche','Breakfast',12.99),(18,'Baklava','Dessert',5.99),(19,'Tiramisu','Dessert',6.49),(20,'Kunafa','Dessert',4.99),(21,'Galaktoboureko','Dessert',5.79),(22,'Rice Pudding','Dessert',4.49),(23,'Eggplant Parmesan','Main Course',16.99),(24,'Mediterranean Pizza','Main Course',14.99),(25,'Lamb Chops','Main Course',23.99),(26,'Moussaka','Main Course',17.99),(27,'Chicken Kebabs','Main Course',16.99),(28,'Grilled Shrimp Skewers','Main Course',18.99),(29,'Chicken Skewers','Main Course',15.99),(30,'Mediterranean Shrimp','Main Course',19.99),(31,'Feta Stuffed Chicken','Main Course',18.99),(32,'Lemon Garlic Salmon','Main Course',20.99),(33,'Greek Tuna Salad','Main Course',16.99),(34,'Eggplant Rollatini','Main Course',17.99),(35,'Stuffed Squid','Main Course',21.99),(36,'Shawarma Plate','Main Course',16.99),(37,'Paella','Main Course',19.99),(38,'Lamb Kofta','Main Course',18.99),(39,'Chicken Souvlaki','Main Course',16.99),(40,'Seafood Risotto','Main Course',20.99),(41,'Lobster Pasta','Main Course',22.99),(42,'Stuffed Bell Peppers','Main Course',17.99),(43,'Mediterranean Stew','Main Course',15.99),(44,'Grilled Swordfish','Main Course',21.99),(45,'Falafel Wrap','Sandwich',9.99),(46,'Gyro Wrap','Sandwich',10.99),(47,'Chicken Shawarma Wrap','Sandwich',9.99),(48,'Red Pepper Hummus Wrap','Sandwich',9.99),(49,'Lamb Gyro Wrap','Sandwich',11.99),(50,'Beef Shawarma Wrap','Sandwich',10.99);
/*!40000 ALTER TABLE `menu` ENABLE KEYS */;
UNLOCK TABLES;

--
-- Table structure for table `orderdeliverystatus`
--

DROP TABLE IF EXISTS `orderdeliverystatus`;
/*!40101 SET @saved_cs_client     = @@character_set_client */;
/*!50503 SET character_set_client = utf8mb4 */;
CREATE TABLE `orderdeliverystatus` (
  `OrderStatusID` int unsigned NOT NULL AUTO_INCREMENT,
  `Status` varchar(45) DEFAULT NULL,
  `Date` date DEFAULT NULL,
  PRIMARY KEY (`OrderStatusID`)
) ENGINE=InnoDB DEFAULT CHARSET=utf8mb3;
/*!40101 SET character_set_client = @saved_cs_client */;

--
-- Dumping data for table `orderdeliverystatus`
--

LOCK TABLES `orderdeliverystatus` WRITE;
/*!40000 ALTER TABLE `orderdeliverystatus` DISABLE KEYS */;
/*!40000 ALTER TABLE `orderdeliverystatus` ENABLE KEYS */;
UNLOCK TABLES;

--
-- Table structure for table `orderitem`
--

DROP TABLE IF EXISTS `orderitem`;
/*!40101 SET @saved_cs_client     = @@character_set_client */;
/*!50503 SET character_set_client = utf8mb4 */;
CREATE TABLE `orderitem` (
  `OrderItemID` int NOT NULL AUTO_INCREMENT,
  `Quantity` int NOT NULL,
  `MenuItem` int NOT NULL,
  `OrderID` int unsigned NOT NULL,
  PRIMARY KEY (`OrderItemID`),
  KEY `fk_OrderItem_Menu1_idx` (`MenuItem`),
  KEY `fk_OrderItem_Orders1_idx` (`OrderID`),
  CONSTRAINT `fk_OrderItem_Menu1` FOREIGN KEY (`MenuItem`) REFERENCES `menu` (`MenuItemID`),
  CONSTRAINT `fk_OrderItem_Orders1` FOREIGN KEY (`OrderID`) REFERENCES `orders` (`OrderID`)
) ENGINE=InnoDB AUTO_INCREMENT=3023 DEFAULT CHARSET=utf8mb3;
/*!40101 SET character_set_client = @saved_cs_client */;

--
-- Dumping data for table `orderitem`
--

LOCK TABLES `orderitem` WRITE;
/*!40000 ALTER TABLE `orderitem` DISABLE KEYS */;
INSERT INTO `orderitem` VALUES (1,1,4,1),(2,1,7,2),(3,1,43,2),(4,1,34,2),(5,1,42,2),(6,1,41,2),(7,1,38,3),(8,1,4,3),(9,1,9,3),(10,1,33,4),(11,1,42,4),(12,1,42,4),(13,1,45,4),(14,1,46,4),(15,1,34,5),(16,1,3,5),(17,1,1,5),(18,1,49,5),(19,1,33,6),(20,1,24,6),(21,1,38,7),(22,1,2,7),(23,1,41,7),(24,1,47,8),(25,1,18,8),(26,1,37,8),(27,1,43,8),(28,1,43,8),(29,1,28,9),(30,1,19,9),(31,1,37,9),(32,1,14,10),(33,1,1,10),(34,1,18,10),(35,1,10,10),(36,1,35,11),(37,1,14,11),(38,1,25,12),(39,1,50,12),(40,1,34,12),(41,1,16,13),(42,1,9,14),(43,1,17,14),(44,1,4,14),(45,1,3,14),(46,1,21,15),(47,1,29,15),(48,1,14,15),(49,1,29,16),(50,1,33,16),(51,1,15,16),(52,1,3,17),(53,1,5,18),(54,1,3,18),(55,1,7,18),(56,1,24,18),(57,1,9,19),(58,1,48,19),(59,1,5,19),(60,1,22,19),(61,1,41,19),(62,1,6,20),(63,1,21,20),(64,1,41,20),(65,1,13,20),(66,1,39,20),(67,1,6,21),(68,1,50,21),(69,1,48,21),(70,1,2,21),(71,1,25,22),(72,1,30,22),(73,1,19,22),(74,1,33,22),(75,1,34,22),(76,1,34,23),(77,1,36,23),(78,1,44,23),(79,1,38,24),(80,1,14,25),(81,1,39,25),(82,1,10,25),(83,1,49,25),(84,1,23,26),(85,1,43,26),(86,1,22,26),(87,1,17,26),(88,1,17,27),(89,1,22,28),(90,1,27,28),(91,1,22,28),(92,1,33,28),(93,1,34,29),(94,1,1,29),(95,1,48,29),(96,1,16,30),(97,1,44,30),(98,1,2,30),(99,1,11,31),(100,1,24,31),(101,1,15,32),(102,1,11,32),(103,1,11,32),(104,1,6,33),(105,1,36,33),(106,1,41,33),(107,1,40,34),(108,1,8,34),(109,1,16,34),(110,1,34,34),(111,1,18,34),(112,1,21,35),(113,1,42,35),(114,1,35,35),(115,1,7,35),(116,1,49,36),(117,1,6,36),(118,1,24,36),(119,1,17,37),(120,1,18,37),(121,1,29,37),(122,1,28,37),(123,1,4,38),(124,1,40,39),(125,1,12,40),(126,1,27,41),(127,1,49,41),(128,1,37,41),(129,1,46,42),(130,1,33,42),(131,1,39,42),(132,1,15,42),(133,1,33,42),(134,1,26,43),(135,1,33,43),(136,1,19,43),(137,1,16,44),(138,1,41,44),(139,1,29,44),(140,1,42,44),(141,1,42,45),(142,1,32,45),(143,1,30,46),(144,1,39,47),(145,1,40,48),(146,1,28,48),(147,1,1,49),(148,1,6,49),(149,1,28,49),(150,1,38,50),(151,1,41,51),(152,1,46,51),(153,1,3,51),(154,1,23,51),(155,1,12,51),(156,1,44,52),(157,1,36,52),(158,1,48,52),(159,1,30,53),(160,1,13,53),(161,1,39,53),(162,1,8,53),(163,1,20,53),(164,1,8,54),(165,1,33,54),(166,1,22,54),(167,1,37,54),(168,1,23,55),(169,1,18,55),(170,1,25,55),(171,1,10,55),(172,1,46,56),(173,1,10,56),(174,1,12,57),(175,1,1,57),(176,1,47,57),(177,1,6,57),(178,1,34,58),(179,1,40,58),(180,1,34,58),(181,1,1,59),(182,1,39,59),(183,1,18,60),(184,1,26,60),(185,1,44,60),(186,1,16,60),(187,1,46,61),(188,1,42,61),(189,1,17,61),(190,1,49,62),(191,1,38,62),(192,1,34,62),(193,1,24,63),(194,1,27,63),(195,1,50,63),(196,1,50,63),(197,1,40,64),(198,1,43,64),(199,1,21,65),(200,1,18,65),(201,1,44,65),(202,1,14,66),(203,1,49,66),(204,1,38,67),(205,1,25,68),(206,1,46,68),(207,1,41,69),(208,1,12,69),(209,1,22,69),(210,1,44,69),(211,1,27,69),(212,1,39,70),(213,1,4,70),(214,1,47,70),(215,1,7,70),(216,1,49,70),(217,1,12,71),(218,1,25,71),(219,1,37,71),(220,1,25,71),(221,1,21,71),(222,1,32,72),(223,1,30,72),(224,1,28,73),(225,1,5,73),(226,1,24,74),(227,1,26,74),(228,1,8,74),(229,1,44,75),(230,1,8,76),(231,1,25,77),(232,1,48,77),(233,1,33,77),(234,1,39,77),(235,1,6,78),(236,1,22,78),(237,1,10,78),(238,1,45,78),(239,1,15,78),(240,1,26,79),(241,1,11,80),(242,1,35,80),(243,1,1,81),(244,1,41,82),(245,1,36,82),(246,1,37,82),(247,1,11,82),(248,1,45,82),(249,1,36,83),(250,1,15,84),(251,1,32,85),(252,1,18,85),(253,1,26,85),(254,1,36,85),(255,1,3,86),(256,1,49,86),(257,1,2,86),(258,1,10,86),(259,1,23,86),(260,1,25,87),(261,1,49,87),(262,1,28,87),(263,1,21,87),(264,1,50,88),(265,1,25,89),(266,1,21,89),(267,1,38,89),(268,1,22,89),(269,1,36,90),(270,1,24,90),(271,1,25,90),(272,1,34,90),(273,1,46,90),(274,1,38,91),(275,1,13,92),(276,1,1,92),(277,1,40,92),(278,1,2,93),(279,1,26,93),(280,1,39,93),(281,1,37,93),(282,1,50,94),(283,1,39,94),(284,1,25,94),(285,1,14,95),(286,1,12,95),(287,1,38,95),(288,1,22,95),(289,1,42,96),(290,1,26,97),(291,1,10,97),(292,1,49,97),(293,1,13,97),(294,1,6,98),(295,1,4,99),(296,1,36,99),(297,1,13,99),(298,1,28,99),(299,1,19,99),(300,1,32,100),(301,1,50,100),(302,1,44,101),(303,1,50,101),(304,1,47,101),(305,1,37,101),(306,1,30,101),(307,1,48,102),(308,1,28,102),(309,1,3,102),(310,1,35,102),(311,1,10,103),(312,1,32,103),(313,1,48,103),(314,1,29,103),(315,1,20,104),(316,1,40,105),(317,1,3,105),(318,1,31,105),(319,1,22,105),(320,1,1,106),(321,1,44,107),(322,1,20,107),(323,1,12,107),(324,1,44,108),(325,1,24,108),(326,1,4,109),(327,1,16,109),(328,1,11,109),(329,1,45,109),(330,1,36,110),(331,1,32,111),(332,1,17,112),(333,1,1,112),(334,1,44,112),(335,1,24,113),(336,1,5,113),(337,1,23,113),(338,1,15,113),(339,1,10,113),(340,1,35,114),(341,1,34,114),(342,1,28,114),(343,1,32,114),(344,1,19,115),(345,1,34,115),(346,1,28,115),(347,1,45,115),(348,1,15,115),(349,1,20,116),(350,1,15,116),(351,1,15,116),(352,1,44,116),(353,1,27,117),(354,1,16,117),(355,1,42,117),(356,1,31,117),(357,1,11,118),(358,1,26,118),(359,1,18,118),(360,1,36,118),(361,1,11,119),(362,1,1,119),(363,1,4,119),(364,1,40,119),(365,1,16,119),(366,1,4,120),(367,1,24,120),(368,1,41,120),(369,1,33,120),(370,1,8,120),(371,1,33,121),(372,1,35,122),(373,1,50,122),(374,1,3,122),(375,1,37,122),(376,1,15,123),(377,1,33,123),(378,1,1,123),(379,1,26,124),(380,1,1,124),(381,1,36,125),(382,1,8,125),(383,1,10,125),(384,1,15,125),(385,1,32,125),(386,1,26,126),(387,1,39,126),(388,1,33,126),(389,1,30,126),(390,1,15,127),(391,1,25,127),(392,1,31,127),(393,1,26,127),(394,1,34,127),(395,1,10,128),(396,1,18,128),(397,1,30,128),(398,1,38,128),(399,1,18,128),(400,1,18,129),(401,1,16,130),(402,1,5,130),(403,1,10,130),(404,1,3,131),(405,1,24,131),(406,1,41,131),(407,1,5,132),(408,1,5,132),(409,1,22,132),(410,1,24,132),(411,1,13,133),(412,1,25,134),(413,1,12,135),(414,1,30,135),(415,1,34,136),(416,1,18,136),(417,1,4,136),(418,1,25,136),(419,1,45,136),(420,1,38,137),(421,1,23,137),(422,1,10,137),(423,1,18,138),(424,1,27,139),(425,1,21,139),(426,1,48,139),(427,1,4,140),(428,1,18,140),(429,1,18,140),(430,1,45,141),(431,1,47,141),(432,1,4,141),(433,1,7,142),(434,1,3,143),(435,1,16,143),(436,1,31,143),(437,1,29,144),(438,1,5,144),(439,1,16,144),(440,1,28,145),(441,1,39,145),(442,1,38,145),(443,1,50,145),(444,1,43,146),(445,1,21,146),(446,1,3,146),(447,1,10,147),(448,1,42,147),(449,1,5,147),(450,1,27,147),(451,1,43,147),(452,1,7,148),(453,1,10,148),(454,1,11,148),(455,1,1,148),(456,1,29,149),(457,1,48,149),(458,1,41,149),(459,1,2,150),(460,1,44,150),(461,1,42,150),(462,1,15,150),(463,1,21,150),(464,1,30,151),(465,1,36,152),(466,1,14,152),(467,1,21,152),(468,1,47,153),(469,1,24,153),(470,1,35,153),(471,1,31,153),(472,1,34,153),(473,1,48,154),(474,1,39,154),(475,1,31,154),(476,1,29,154),(477,1,11,155),(478,1,21,156),(479,1,6,156),(480,1,22,156),(481,1,7,156),(482,1,7,156),(483,1,5,157),(484,1,44,157),(485,1,2,158),(486,1,49,159),(487,1,32,160),(488,1,5,160),(489,1,36,160),(490,1,47,160),(491,1,39,161),(492,1,33,161),(493,1,12,161),(494,1,38,161),(495,1,49,162),(496,1,7,163),(497,1,40,163),(498,1,17,163),(499,1,19,164),(500,1,42,164),(501,1,16,164),(502,1,5,165),(503,1,44,165),(504,1,21,165),(505,1,10,165),(506,1,10,166),(507,1,28,166),(508,1,10,166),(509,1,16,167),(510,1,47,167),(511,1,37,167),(512,1,33,167),(513,1,2,167),(514,1,15,168),(515,1,12,168),(516,1,40,168),(517,1,32,169),(518,1,25,169),(519,1,27,169),(520,1,41,169),(521,1,2,169),(522,1,48,170),(523,1,5,170),(524,1,34,170),(525,1,43,171),(526,1,48,172),(527,1,3,173),(528,1,26,173),(529,1,9,174),(530,1,26,174),(531,1,4,174),(532,1,2,174),(533,1,6,174),(534,1,14,175),(535,1,46,176),(536,1,33,176),(537,1,37,176),(538,1,36,176),(539,1,8,176),(540,1,10,177),(541,1,50,177),(542,1,40,177),(543,1,32,177),(544,1,39,177),(545,1,42,178),(546,1,36,179),(547,1,43,179),(548,1,43,180),(549,1,43,180),(550,1,13,180),(551,1,37,181),(552,1,1,181),(553,1,49,181),(554,1,21,181),(555,1,23,182),(556,1,13,182),(557,1,17,182),(558,1,41,182),(559,1,34,182),(560,1,23,183),(561,1,15,184),(562,1,38,184),(563,1,17,184),(564,1,4,185),(565,1,21,185),(566,1,45,185),(567,1,15,186),(568,1,10,187),(569,1,6,187),(570,1,26,187),(571,1,39,187),(572,1,35,187),(573,1,46,188),(574,1,33,188),(575,1,19,188),(576,1,28,188),(577,1,25,188),(578,1,36,189),(579,1,26,189),(580,1,43,189),(581,1,44,190),(582,1,40,190),(583,1,49,190),(584,1,41,190),(585,1,43,190),(586,1,49,191),(587,1,27,191),(588,1,34,191),(589,1,17,192),(590,1,1,192),(591,1,48,193),(592,1,48,193),(593,1,20,193),(594,1,23,194),(595,1,36,194),(596,1,28,195),(597,1,26,195),(598,1,5,196),(599,1,18,196),(600,1,19,196),(601,1,36,196),(602,1,14,197),(603,1,22,198),(604,1,15,199),(605,1,10,199),(606,1,11,199),(607,1,24,199),(608,1,20,199),(609,1,38,200),(610,1,39,200),(611,1,3,200),(612,1,6,200),(613,1,23,200),(614,1,49,201),(615,1,26,201),(616,1,46,201),(617,1,16,202),(618,1,30,202),(619,1,44,202),(620,1,29,203),(621,1,29,204),(622,1,4,204),(623,1,20,205),(624,1,8,206),(625,1,14,207),(626,1,21,207),(627,1,25,207),(628,1,2,207),(629,1,34,208),(630,1,5,208),(631,1,45,209),(632,1,41,210),(633,1,47,210),(634,1,10,210),(635,1,39,210),(636,1,11,210),(637,1,29,211),(638,1,8,211),(639,1,1,212),(640,1,50,212),(641,1,12,212),(642,1,44,212),(643,1,16,212),(644,1,13,213),(645,1,20,213),(646,1,46,214),(647,1,20,214),(648,1,40,214),(649,1,12,214),(650,1,49,214),(651,1,33,215),(652,1,30,215),(653,1,31,215),(654,1,24,215),(655,1,37,215),(656,1,22,216),(657,1,28,216),(658,1,47,216),(659,1,14,216),(660,1,49,216),(661,1,30,217),(662,1,18,217),(663,1,17,217),(664,1,13,217),(665,1,32,217),(666,1,1,218),(667,1,7,218),(668,1,4,218),(669,1,32,218),(670,1,36,219),(671,1,25,219),(672,1,24,219),(673,1,35,220),(674,1,34,220),(675,1,50,220),(676,1,18,220),(677,1,6,220),(678,1,35,221),(679,1,48,221),(680,1,28,222),(681,1,8,222),(682,1,42,222),(683,1,3,222),(684,1,29,223),(685,1,10,223),(686,1,29,223),(687,1,15,223),(688,1,8,224),(689,1,48,224),(690,1,19,225),(691,1,29,225),(692,1,42,225),(693,1,26,225),(694,1,2,226),(695,1,22,226),(696,1,12,227),(697,1,21,227),(698,1,15,227),(699,1,3,228),(700,1,5,228),(701,1,47,228),(702,1,27,229),(703,1,23,230),(704,1,16,230),(705,1,19,230),(706,1,30,231),(707,1,24,231),(708,1,46,231),(709,1,10,231),(710,1,22,232),(711,1,49,233),(712,1,25,233),(713,1,9,233),(714,1,4,233),(715,1,48,233),(716,1,8,234),(717,1,43,234),(718,1,41,234),(719,1,14,234),(720,1,43,235),(721,1,19,236),(722,1,34,236),(723,1,6,236),(724,1,28,237),(725,1,45,238),(726,1,26,239),(727,1,22,240),(728,1,10,240),(729,1,9,240),(730,1,3,240),(731,1,36,240),(732,1,4,241),(733,1,48,241),(734,1,33,241),(735,1,14,242),(736,1,4,243),(737,1,19,243),(738,1,2,244),(739,1,43,245),(740,1,36,246),(741,1,28,246),(742,1,20,247),(743,1,43,247),(744,1,32,248),(745,1,33,248),(746,1,27,248),(747,1,7,248),(748,1,39,249),(749,1,19,250),(750,1,11,250),(751,1,48,250),(752,1,2,251),(753,1,4,251),(754,1,36,251),(755,1,12,252),(756,1,22,252),(757,1,19,252),(758,1,42,252),(759,1,33,252),(760,1,44,253),(761,1,18,254),(762,1,42,254),(763,1,30,254),(764,1,28,254),(765,1,17,254),(766,1,31,255),(767,1,20,256),(768,1,26,256),(769,1,24,256),(770,1,15,256),(771,1,41,257),(772,1,6,257),(773,1,50,257),(774,1,36,257),(775,1,43,258),(776,1,48,259),(777,1,2,259),(778,1,6,260),(779,1,16,260),(780,1,40,260),(781,1,48,260),(782,1,20,261),(783,1,26,261),(784,1,42,262),(785,1,35,262),(786,1,23,262),(787,1,46,263),(788,1,11,263),(789,1,28,263),(790,1,11,263),(791,1,47,263),(792,1,33,264),(793,1,12,264),(794,1,28,265),(795,1,10,265),(796,1,20,265),(797,1,43,266),(798,1,44,266),(799,1,7,266),(800,1,45,266),(801,1,38,266),(802,1,49,267),(803,1,34,267),(804,1,21,267),(805,1,20,267),(806,1,8,268),(807,1,2,269),(808,1,40,269),(809,1,30,269),(810,1,13,270),(811,1,37,270),(812,1,42,271),(813,1,2,271),(814,1,1,271),(815,1,14,271),(816,1,21,272),(817,1,9,272),(818,1,31,272),(819,1,18,272),(820,1,37,273),(821,1,21,273),(822,1,30,273),(823,1,29,273),(824,1,42,273),(825,1,49,274),(826,1,38,275),(827,1,18,275),(828,1,9,276),(829,1,31,277),(830,1,45,277),(831,1,47,277),(832,1,29,277),(833,1,15,278),(834,1,44,278),(835,1,17,279),(836,1,18,279),(837,1,49,279),(838,1,26,279),(839,1,33,279),(840,1,39,280),(841,1,47,280),(842,1,32,280),(843,1,46,280),(844,1,11,280),(845,1,5,281),(846,1,32,281),(847,1,18,282),(848,1,35,282),(849,1,4,283),(850,1,35,283),(851,1,29,284),(852,1,11,284),(853,1,11,284),(854,1,30,284),(855,1,16,284),(856,1,27,285),(857,1,15,285),(858,1,30,285),(859,1,4,285),(860,1,24,285),(861,1,16,286),(862,1,29,286),(863,1,18,286),(864,1,27,287),(865,1,22,287),(866,1,18,288),(867,1,18,288),(868,1,33,288),(869,1,34,288),(870,1,40,288),(871,1,46,289),(872,1,13,289),(873,1,35,289),(874,1,38,290),(875,1,35,290),(876,1,43,291),(877,1,15,291),(878,1,48,291),(879,1,39,291),(880,1,37,292),(881,1,47,292),(882,1,28,292),(883,1,25,292),(884,1,4,292),(885,1,31,293),(886,1,38,293),(887,1,15,293),(888,1,16,294),(889,1,5,294),(890,1,27,294),(891,1,38,295),(892,1,30,295),(893,1,11,295),(894,1,50,295),(895,1,49,295),(896,1,30,296),(897,1,46,296),(898,1,34,296),(899,1,13,297),(900,1,10,297),(901,1,29,297),(902,1,35,297),(903,1,27,297),(904,1,50,298),(905,1,29,298),(906,1,14,298),(907,1,9,299),(908,1,42,299),(909,1,42,299),(910,1,12,299),(911,1,30,300),(912,1,29,301),(913,1,44,302),(914,1,4,302),(915,1,6,302),(916,1,14,302),(917,1,21,302),(918,1,30,303),(919,1,18,303),(920,1,11,303),(921,1,9,303),(922,1,22,304),(923,1,9,305),(924,1,44,305),(925,1,28,306),(926,1,1,306),(927,1,47,306),(928,1,39,306),(929,1,43,307),(930,1,35,307),(931,1,49,308),(932,1,38,308),(933,1,38,308),(934,1,29,309),(935,1,19,310),(936,1,39,310),(937,1,15,311),(938,1,29,311),(939,1,43,312),(940,1,48,312),(941,1,29,312),(942,1,44,312),(943,1,37,312),(944,1,6,313),(945,1,38,313),(946,1,9,314),(947,1,19,315),(948,1,28,316),(949,1,19,316),(950,1,1,316),(951,1,31,316),(952,1,40,316),(953,1,3,317),(954,1,24,318),(955,1,4,318),(956,1,47,318),(957,1,2,319),(958,1,10,319),(959,1,25,320),(960,1,25,321),(961,1,9,321),(962,1,39,321),(963,1,17,321),(964,1,39,322),(965,1,16,322),(966,1,36,323),(967,1,7,323),(968,1,45,323),(969,1,15,323),(970,1,39,324),(971,1,11,324),(972,1,45,325),(973,1,44,325),(974,1,50,325),(975,1,9,325),(976,1,28,326),(977,1,48,326),(978,1,20,326),(979,1,7,327),(980,1,14,328),(981,1,29,328),(982,1,26,328),(983,1,21,328),(984,1,43,328),(985,1,36,329),(986,1,1,329),(987,1,49,329),(988,1,39,329),(989,1,13,330),(990,1,50,330),(991,1,22,330),(992,1,17,330),(993,1,42,330),(994,1,23,331),(995,1,9,332),(996,1,40,332),(997,1,46,333),(998,1,40,333),(999,1,1,333),(1000,1,29,333),(1001,1,36,333),(1002,1,11,334),(1003,1,9,334),(1004,1,45,335),(1005,1,24,336),(1006,1,22,336),(1007,1,25,337),(1008,1,25,337),(1009,1,2,337),(1010,1,19,337),(1011,1,48,337),(1012,1,28,338),(1013,1,39,338),(1014,1,3,338),(1015,1,27,338),(1016,1,22,338),(1017,1,38,339),(1018,1,49,340),(1019,1,1,340),(1020,1,37,340),(1021,1,50,341),(1022,1,3,341),(1023,1,12,341),(1024,1,6,341),(1025,1,12,342),(1026,1,14,342),(1027,1,27,343),(1028,1,39,343),(1029,1,37,343),(1030,1,21,344),(1031,1,27,345),(1032,1,42,346),(1033,1,18,346),(1034,1,43,347),(1035,1,33,347),(1036,1,34,347),(1037,1,33,347),(1038,1,28,347),(1039,1,39,348),(1040,1,17,348),(1041,1,11,348),(1042,1,13,349),(1043,1,8,349),(1044,1,50,349),(1045,1,20,349),(1046,1,35,349),(1047,1,11,350),(1048,1,22,351),(1049,1,9,351),(1050,1,33,351),(1051,1,41,352),(1052,1,28,352),(1053,1,37,352),(1054,1,10,353),(1055,1,10,353),(1056,1,34,353),(1057,1,47,353),(1058,1,35,353),(1059,1,4,354),(1060,1,47,355),(1061,1,9,356),(1062,1,37,356),(1063,1,26,356),(1064,1,39,356),(1065,1,24,357),(1066,1,31,357),(1067,1,33,357),(1068,1,13,357),(1069,1,7,358),(1070,1,31,358),(1071,1,41,359),(1072,1,19,359),(1073,1,9,359),(1074,1,27,359),(1075,1,6,359),(1076,1,31,360),(1077,1,14,360),(1078,1,37,360),(1079,1,2,360),(1080,1,22,360),(1081,1,16,361),(1082,1,40,361),(1083,1,36,362),(1084,1,18,362),(1085,1,41,362),(1086,1,31,363),(1087,1,5,363),(1088,1,3,363),(1089,1,26,363),(1090,1,12,363),(1091,1,38,364),(1092,1,19,364),(1093,1,15,364),(1094,1,37,364),(1095,1,24,365),(1096,1,5,366),(1097,1,14,367),(1098,1,27,367),(1099,1,19,368),(1100,1,4,368),(1101,1,12,368),(1102,1,18,368),(1103,1,18,369),(1104,1,3,369),(1105,1,35,370),(1106,1,19,370),(1107,1,28,371),(1108,1,3,372),(1109,1,6,373),(1110,1,34,373),(1111,1,25,373),(1112,1,15,373),(1113,1,11,373),(1114,1,26,374),(1115,1,18,375),(1116,1,3,375),(1117,1,27,375),(1118,1,25,375),(1119,1,7,375),(1120,1,17,376),(1121,1,10,377),(1122,1,14,377),(1123,1,21,378),(1124,1,32,378),(1125,1,22,379),(1126,1,31,380),(1127,1,41,380),(1128,1,25,380),(1129,1,39,381),(1130,1,9,381),(1131,1,31,381),(1132,1,26,382),(1133,1,40,383),(1134,1,44,383),(1135,1,7,384),(1136,1,31,384),(1137,1,19,384),(1138,1,41,384),(1139,1,17,385),(1140,1,26,385),(1141,1,13,386),(1142,1,28,386),(1143,1,10,386),(1144,1,10,386),(1145,1,37,387),(1146,1,45,387),(1147,1,25,387),(1148,1,45,387),(1149,1,38,387),(1150,1,20,388),(1151,1,44,388),(1152,1,2,388),(1153,1,39,388),(1154,1,33,388),(1155,1,11,389),(1156,1,18,389),(1157,1,13,389),(1158,1,24,389),(1159,1,40,389),(1160,1,37,390),(1161,1,31,390),(1162,1,46,390),(1163,1,2,391),(1164,1,10,391),(1165,1,30,392),(1166,1,50,393),(1167,1,37,393),(1168,1,9,394),(1169,1,48,394),(1170,1,24,395),(1171,1,37,395),(1172,1,48,395),(1173,1,41,395),(1174,1,37,396),(1175,1,46,396),(1176,1,14,396),(1177,1,48,397),(1178,1,43,397),(1179,1,44,397),(1180,1,24,397),(1181,1,36,397),(1182,1,2,398),(1183,1,7,398),(1184,1,30,398),(1185,1,4,398),(1186,1,27,398),(1187,1,28,399),(1188,1,26,399),(1189,1,1,399),(1190,1,14,399),(1191,1,49,400),(1192,1,40,401),(1193,1,19,401),(1194,1,34,402),(1195,1,38,403),(1196,1,10,403),(1197,1,38,403),(1198,1,17,403),(1199,1,47,404),(1200,1,18,404),(1201,1,27,404),(1202,1,32,405),(1203,1,11,406),(1204,1,28,406),(1205,1,13,406),(1206,1,4,407),(1207,1,14,407),(1208,1,46,407),(1209,1,27,407),(1210,1,19,407),(1211,1,20,408),(1212,1,50,408),(1213,1,20,408),(1214,1,42,408),(1215,1,17,408),(1216,1,15,409),(1217,1,2,409),(1218,1,30,410),(1219,1,44,410),(1220,1,21,410),(1221,1,1,411),(1222,1,2,411),(1223,1,17,412),(1224,1,22,412),(1225,1,19,412),(1226,1,34,412),(1227,1,25,413),(1228,1,19,413),(1229,1,5,413),(1230,1,40,414),(1231,1,46,414),(1232,1,29,414),(1233,1,41,415),(1234,1,38,416),(1235,1,3,416),(1236,1,4,417),(1237,1,23,417),(1238,1,25,417),(1239,1,47,417),(1240,1,49,417),(1241,1,19,418),(1242,1,22,418),(1243,1,44,419),(1244,1,1,419),(1245,1,47,420),(1246,1,39,420),(1247,1,14,421),(1248,1,34,421),(1249,1,43,421),(1250,1,12,421),(1251,1,1,421),(1252,1,15,422),(1253,1,18,422),(1254,1,6,422),(1255,1,37,422),(1256,1,39,422),(1257,1,34,423),(1258,1,14,423),(1259,1,32,423),(1260,1,17,423),(1261,1,21,424),(1262,1,42,424),(1263,1,46,425),(1264,1,21,425),(1265,1,10,425),(1266,1,13,425),(1267,1,13,425),(1268,1,10,426),(1269,1,48,426),(1270,1,47,426),(1271,1,44,427),(1272,1,33,427),(1273,1,20,427),(1274,1,8,428),(1275,1,47,428),(1276,1,37,428),(1277,1,25,429),(1278,1,18,429),(1279,1,21,429),(1280,1,46,430),(1281,1,35,430),(1282,1,9,430),(1283,1,48,431),(1284,1,13,431),(1285,1,33,431),(1286,1,26,431),(1287,1,16,431),(1288,1,44,432),(1289,1,5,432),(1290,1,4,432),(1291,1,29,433),(1292,1,44,433),(1293,1,11,433),(1294,1,38,433),(1295,1,10,433),(1296,1,39,434),(1297,1,26,434),(1298,1,50,434),(1299,1,9,434),(1300,1,34,434),(1301,1,2,435),(1302,1,31,435),(1303,1,31,435),(1304,1,18,435),(1305,1,16,435),(1306,1,8,436),(1307,1,15,436),(1308,1,10,437),(1309,1,10,437),(1310,1,23,437),(1311,1,36,437),(1312,1,40,437),(1313,1,34,438),(1314,1,1,438),(1315,1,31,438),(1316,1,17,438),(1317,1,29,438),(1318,1,31,439),(1319,1,26,440),(1320,1,42,440),(1321,1,39,440),(1322,1,3,441),(1323,1,38,441),(1324,1,36,441),(1325,1,18,441),(1326,1,27,442),(1327,1,32,442),(1328,1,31,442),(1329,1,12,442),(1330,1,40,443),(1331,1,10,443),(1332,1,31,444),(1333,1,31,444),(1334,1,44,444),(1335,1,22,445),(1336,1,40,445),(1337,1,36,445),(1338,1,8,445),(1339,1,2,445),(1340,1,12,446),(1341,1,10,446),(1342,1,11,446),(1343,1,15,447),(1344,1,34,447),(1345,1,19,447),(1346,1,40,447),(1347,1,38,447),(1348,1,29,448),(1349,1,14,448),(1350,1,11,448),(1351,1,19,448),(1352,1,28,448),(1353,1,35,449),(1354,1,41,449),(1355,1,31,449),(1356,1,9,449),(1357,1,5,449),(1358,1,10,450),(1359,1,36,450),(1360,1,12,450),(1361,1,42,450),(1362,1,32,451),(1363,1,47,451),(1364,1,5,451),(1365,1,19,452),(1366,1,19,453),(1367,1,30,453),(1368,1,34,454),(1369,1,29,455),(1370,1,44,455),(1371,1,12,456),(1372,1,37,457),(1373,1,46,457),(1374,1,35,458),(1375,1,47,458),(1376,1,29,458),(1377,1,16,458),(1378,1,43,459),(1379,1,11,460),(1380,1,13,460),(1381,1,12,460),(1382,1,20,461),(1383,1,13,461),(1384,1,39,461),(1385,1,27,461),(1386,1,25,462),(1387,1,27,462),(1388,1,50,463),(1389,1,50,464),(1390,1,30,464),(1391,1,40,464),(1392,1,4,464),(1393,1,27,465),(1394,1,8,465),(1395,1,11,465),(1396,1,49,466),(1397,1,16,466),(1398,1,15,467),(1399,1,21,467),(1400,1,11,467),(1401,1,27,468),(1402,1,31,469),(1403,1,31,469),(1404,1,5,469),(1405,1,6,470),(1406,1,34,471),(1407,1,10,471),(1408,1,49,471),(1409,1,27,471),(1410,1,2,471),(1411,1,31,472),(1412,1,17,472),(1413,1,21,472),(1414,1,46,472),(1415,1,25,472),(1416,1,7,473),(1417,1,34,473),(1418,1,26,473),(1419,1,23,473),(1420,1,43,473),(1421,1,36,474),(1422,1,6,475),(1423,1,7,475),(1424,1,36,475),(1425,1,32,476),(1426,1,3,476),(1427,1,35,476),(1428,1,27,476),(1429,1,36,477),(1430,1,31,478),(1431,1,26,478),(1432,1,20,478),(1433,1,10,478),(1434,1,42,478),(1435,1,14,479),(1436,1,6,479),(1437,1,11,479),(1438,1,40,479),(1439,1,25,480),(1440,1,4,480),(1441,1,29,480),(1442,1,43,480),(1443,1,7,480),(1444,1,20,481),(1445,1,28,481),(1446,1,12,481),(1447,1,35,481),(1448,1,20,481),(1449,1,29,482),(1450,1,47,483),(1451,1,34,483),(1452,1,2,484),(1453,1,17,484),(1454,1,28,484),(1455,1,33,484),(1456,1,28,485),(1457,1,7,485),(1458,1,9,485),(1459,1,4,486),(1460,1,24,486),(1461,1,14,486),(1462,1,7,486),(1463,1,7,487),(1464,1,18,487),(1465,1,34,488),(1466,1,22,489),(1467,1,50,489),(1468,1,44,490),(1469,1,36,490),(1470,1,43,491),(1471,1,7,491),(1472,1,16,491),(1473,1,41,491),(1474,1,33,492),(1475,1,26,492),(1476,1,44,493),(1477,1,32,493),(1478,1,36,494),(1479,1,50,494),(1480,1,17,494),(1481,1,22,495),(1482,1,22,495),(1483,1,11,495),(1484,1,13,495),(1485,1,10,495),(1486,1,43,496),(1487,1,38,496),(1488,1,31,496),(1489,1,36,497),(1490,1,10,497),(1491,1,47,497),(1492,1,4,497),(1493,1,19,498),(1494,1,46,498),(1495,1,44,499),(1496,1,29,499),(1497,1,35,499),(1498,1,42,499),(1499,1,30,499),(1500,1,39,500),(1501,1,43,500),(1502,1,27,500),(1503,1,18,500),(1504,1,5,501),(1505,1,47,501),(1506,1,22,502),(1507,1,21,502),(1508,1,39,503),(1509,1,31,503),(1510,1,49,503),(1511,1,9,503),(1512,1,37,504),(1513,1,15,504),(1514,1,29,504),(1515,1,10,504),(1516,1,5,504),(1517,1,46,505),(1518,1,35,505),(1519,1,19,505),(1520,1,33,505),(1521,1,45,505),(1522,1,3,506),(1523,1,37,506),(1524,1,17,506),(1525,1,33,506),(1526,1,1,507),(1527,1,35,508),(1528,1,28,508),(1529,1,24,508),(1530,1,49,509),(1531,1,14,509),(1532,1,47,509),(1533,1,34,509),(1534,1,37,510),(1535,1,26,510),(1536,1,31,510),(1537,1,48,511),(1538,1,42,511),(1539,1,4,511),(1540,1,3,511),(1541,1,37,511),(1542,1,3,512),(1543,1,17,512),(1544,1,32,512),(1545,1,39,512),(1546,1,48,512),(1547,1,50,513),(1548,1,41,513),(1549,1,10,514),(1550,1,43,514),(1551,1,45,514),(1552,1,16,514),(1553,1,49,514),(1554,1,14,515),(1555,1,45,515),(1556,1,43,515),(1557,1,24,515),(1558,1,30,515),(1559,1,4,516),(1560,1,2,516),(1561,1,46,517),(1562,1,37,517),(1563,1,38,517),(1564,1,39,518),(1565,1,27,518),(1566,1,46,519),(1567,1,5,519),(1568,1,38,519),(1569,1,35,519),(1570,1,24,520),(1571,1,31,520),(1572,1,38,521),(1573,1,28,521),(1574,1,5,521),(1575,1,26,521),(1576,1,48,521),(1577,1,35,522),(1578,1,24,523),(1579,1,48,523),(1580,1,22,523),(1581,1,47,523),(1582,1,13,523),(1583,1,5,524),(1584,1,20,524),(1585,1,39,524),(1586,1,50,524),(1587,1,11,525),(1588,1,22,526),(1589,1,4,526),(1590,1,31,526),(1591,1,34,526),(1592,1,28,527),(1593,1,17,527),(1594,1,16,528),(1595,1,23,528),(1596,1,2,528),(1597,1,21,528),(1598,1,22,529),(1599,1,12,529),(1600,1,45,529),(1601,1,13,529),(1602,1,17,529),(1603,1,24,530),(1604,1,31,530),(1605,1,33,530),(1606,1,36,530),(1607,1,2,530),(1608,1,24,531),(1609,1,27,531),(1610,1,21,531),(1611,1,17,532),(1612,1,9,532),(1613,1,40,533),(1614,1,1,533),(1615,1,44,533),(1616,1,11,533),(1617,1,17,534),(1618,1,20,535),(1619,1,11,535),(1620,1,14,535),(1621,1,28,535),(1622,1,28,536),(1623,1,50,536),(1624,1,7,536),(1625,1,43,536),(1626,1,10,536),(1627,1,46,537),(1628,1,25,537),(1629,1,22,537),(1630,1,37,537),(1631,1,11,538),(1632,1,48,538),(1633,1,41,539),(1634,1,35,539),(1635,1,22,539),(1636,1,25,539),(1637,1,36,539),(1638,1,34,540),(1639,1,21,540),(1640,1,44,540),(1641,1,12,541),(1642,1,8,541),(1643,1,48,541),(1644,1,3,541),(1645,1,9,541),(1646,1,31,542),(1647,1,19,543),(1648,1,23,543),(1649,1,37,544),(1650,1,36,544),(1651,1,10,545),(1652,1,30,545),(1653,1,17,545),(1654,1,25,546),(1655,1,48,547),(1656,1,37,548),(1657,1,20,548),(1658,1,6,548),(1659,1,38,549),(1660,1,44,549),(1661,1,4,549),(1662,1,15,549),(1663,1,9,549),(1664,1,14,550),(1665,1,2,550),(1666,1,4,550),(1667,1,18,550),(1668,1,16,551),(1669,1,40,551),(1670,1,46,551),(1671,1,26,552),(1672,1,36,553),(1673,1,27,553),(1674,1,9,553),(1675,1,27,553),(1676,1,31,554),(1677,1,15,554),(1678,1,26,554),(1679,1,28,555),(1680,1,8,555),(1681,1,7,555),(1682,1,19,555),(1683,1,41,555),(1684,1,17,556),(1685,1,31,556),(1686,1,46,556),(1687,1,46,557),(1688,1,9,557),(1689,1,40,557),(1690,1,30,557),(1691,1,32,557),(1692,1,31,558),(1693,1,31,558),(1694,1,12,558),(1695,1,34,559),(1696,1,29,559),(1697,1,5,560),(1698,1,50,560),(1699,1,24,561),(1700,1,42,562),(1701,1,50,563),(1702,1,40,563),(1703,1,5,564),(1704,1,23,565),(1705,1,46,565),(1706,1,8,566),(1707,1,4,566),(1708,1,36,566),(1709,1,26,566),(1710,1,9,567),(1711,1,34,567),(1712,1,43,567),(1713,1,50,567),(1714,1,28,567),(1715,1,27,568),(1716,1,23,568),(1717,1,2,568),(1718,1,23,568),(1719,1,2,569),(1720,1,25,569),(1721,1,8,569),(1722,1,44,569),(1723,1,6,569),(1724,1,8,570),(1725,1,43,571),(1726,1,39,571),(1727,1,9,571),(1728,1,37,571),(1729,1,18,571),(1730,1,22,572),(1731,1,49,572),(1732,1,47,572),(1733,1,45,572),(1734,1,13,573),(1735,1,7,574),(1736,1,38,574),(1737,1,11,575),(1738,1,19,575),(1739,1,22,575),(1740,1,16,576),(1741,1,6,577),(1742,1,26,577),(1743,1,31,577),(1744,1,27,578),(1745,1,27,578),(1746,1,7,578),(1747,1,40,578),(1748,1,1,578),(1749,1,35,579),(1750,1,42,579),(1751,1,20,579),(1752,1,36,579),(1753,1,41,580),(1754,1,33,580),(1755,1,50,580),(1756,1,34,580),(1757,1,4,581),(1758,1,38,581),(1759,1,40,581),(1760,1,39,581),(1761,1,47,581),(1762,1,5,582),(1763,1,8,582),(1764,1,15,582),(1765,1,9,582),(1766,1,22,582),(1767,1,2,583),(1768,1,29,583),(1769,1,11,583),(1770,1,5,583),(1771,1,42,584),(1772,1,2,584),(1773,1,37,584),(1774,1,47,584),(1775,1,36,585),(1776,1,22,585),(1777,1,33,585),(1778,1,22,586),(1779,1,26,586),(1780,1,40,586),(1781,1,31,586),(1782,1,32,586),(1783,1,50,587),(1784,1,16,587),(1785,1,49,587),(1786,1,43,587),(1787,1,17,588),(1788,1,12,588),(1789,1,46,588),(1790,1,34,588),(1791,1,33,589),(1792,1,10,589),(1793,1,4,589),(1794,1,9,589),(1795,1,24,590),(1796,1,34,590),(1797,1,33,590),(1798,1,20,590),(1799,1,48,590),(1800,1,20,591),(1801,1,39,591),(1802,1,18,591),(1803,1,1,591),(1804,1,37,592),(1805,1,13,593),(1806,1,30,593),(1807,1,42,593),(1808,1,21,593),(1809,1,37,593),(1810,1,43,594),(1811,1,39,595),(1812,1,30,595),(1813,1,43,595),(1814,1,16,596),(1815,1,40,596),(1816,1,38,596),(1817,1,50,597),(1818,1,4,597),(1819,1,38,598),(1820,1,5,598),(1821,1,7,598),(1822,1,31,598),(1823,1,33,598),(1824,1,41,599),(1825,1,25,600),(1826,1,14,600),(1827,1,8,601),(1828,1,15,601),(1829,1,11,602),(1830,1,48,602),(1831,1,41,603),(1832,1,20,603),(1833,1,17,603),(1834,1,39,603),(1835,1,45,604),(1836,1,42,605),(1837,1,31,605),(1838,1,28,605),(1839,1,36,605),(1840,1,38,606),(1841,1,19,607),(1842,1,9,607),(1843,1,23,608),(1844,1,21,608),(1845,1,20,608),(1846,1,26,608),(1847,1,42,609),(1848,1,47,610),(1849,1,37,611),(1850,1,40,611),(1851,1,38,611),(1852,1,28,612),(1853,1,38,612),(1854,1,45,612),(1855,1,11,612),(1856,1,15,612),(1857,1,11,613),(1858,1,39,613),(1859,1,50,614),(1860,1,39,614),(1861,1,46,614),(1862,1,9,615),(1863,1,38,615),(1864,1,18,616),(1865,1,41,616),(1866,1,15,616),(1867,1,33,616),(1868,1,25,617),(1869,1,19,618),(1870,1,47,619),(1871,1,45,620),(1872,1,50,620),(1873,1,34,620),(1874,1,2,620),(1875,1,16,620),(1876,1,43,621),(1877,1,46,621),(1878,1,37,622),(1879,1,3,622),(1880,1,7,622),(1881,1,30,622),(1882,1,42,623),(1883,1,42,623),(1884,1,43,623),(1885,1,10,623),(1886,1,36,623),(1887,1,7,624),(1888,1,8,625),(1889,1,10,625),(1890,1,7,625),(1891,1,24,626),(1892,1,42,627),(1893,1,14,627),(1894,1,7,628),(1895,1,49,628),(1896,1,18,628),(1897,1,26,629),(1898,1,38,629),(1899,1,19,629),(1900,1,32,630),(1901,1,46,630),(1902,1,50,630),(1903,1,33,630),(1904,1,25,630),(1905,1,36,631),(1906,1,44,631),(1907,1,25,632),(1908,1,26,632),(1909,1,9,632),(1910,1,30,633),(1911,1,20,633),(1912,1,5,633),(1913,1,38,634),(1914,1,10,634),(1915,1,49,635),(1916,1,43,635),(1917,1,16,636),(1918,1,37,636),(1919,1,5,636),(1920,1,14,636),(1921,1,24,636),(1922,1,31,637),(1923,1,34,637),(1924,1,28,637),(1925,1,30,637),(1926,1,31,638),(1927,1,28,639),(1928,1,14,639),(1929,1,17,639),(1930,1,33,640),(1931,1,22,640),(1932,1,7,640),(1933,1,49,640),(1934,1,4,640),(1935,1,44,641),(1936,1,23,641),(1937,1,33,641),(1938,1,2,642),(1939,1,50,642),(1940,1,33,642),(1941,1,29,643),(1942,1,32,643),(1943,1,19,644),(1944,1,8,644),(1945,1,47,644),(1946,1,15,645),(1947,1,35,645),(1948,1,27,645),(1949,1,22,645),(1950,1,25,645),(1951,1,3,646),(1952,1,38,646),(1953,1,7,646),(1954,1,11,646),(1955,1,50,647),(1956,1,3,647),(1957,1,19,648),(1958,1,6,649),(1959,1,31,650),(1960,1,43,651),(1961,1,49,651),(1962,1,19,651),(1963,1,17,652),(1964,1,38,653),(1965,1,7,653),(1966,1,34,653),(1967,1,27,654),(1968,1,50,654),(1969,1,14,655),(1970,1,46,655),(1971,1,26,656),(1972,1,24,656),(1973,1,47,656),(1974,1,1,656),(1975,1,34,657),(1976,1,37,657),(1977,1,2,657),(1978,1,4,657),(1979,1,31,658),(1980,1,20,658),(1981,1,17,658),(1982,1,17,658),(1983,1,8,658),(1984,1,6,659),(1985,1,4,659),(1986,1,15,659),(1987,1,31,659),(1988,1,32,659),(1989,1,31,660),(1990,1,14,660),(1991,1,42,660),(1992,1,16,660),(1993,1,7,661),(1994,1,3,661),(1995,1,17,662),(1996,1,12,662),(1997,1,25,663),(1998,1,36,663),(1999,1,36,663),(2000,1,35,664),(2001,1,24,664),(2002,1,35,664),(2003,1,44,664),(2004,1,40,664),(2005,1,24,665),(2006,1,28,665),(2007,1,20,666),(2008,1,32,666),(2009,1,35,667),(2010,1,33,667),(2011,1,50,668),(2012,1,35,668),(2013,1,29,668),(2014,1,24,669),(2015,1,38,670),(2016,1,15,670),(2017,1,27,670),(2018,1,16,670),(2019,1,44,671),(2020,1,46,671),(2021,1,48,671),(2022,1,10,671),(2023,1,13,671),(2024,1,29,672),(2025,1,25,672),(2026,1,14,673),(2027,1,27,673),(2028,1,32,673),(2029,1,39,673),(2030,1,2,674),(2031,1,13,674),(2032,1,22,674),(2033,1,48,674),(2034,1,3,675),(2035,1,7,675),(2036,1,2,675),(2037,1,45,676),(2038,1,3,676),(2039,1,42,676),(2040,1,39,676),(2041,1,5,676),(2042,1,49,677),(2043,1,44,677),(2044,1,24,678),(2045,1,16,678),(2046,1,39,678),(2047,1,25,678),(2048,1,30,679),(2049,1,33,679),(2050,1,30,679),(2051,1,35,679),(2052,1,12,680),(2053,1,33,680),(2054,1,1,680),(2055,1,22,681),(2056,1,16,682),(2057,1,9,682),(2058,1,32,682),(2059,1,35,683),(2060,1,1,683),(2061,1,1,683),(2062,1,41,683),(2063,1,49,683),(2064,1,32,684),(2065,1,35,684),(2066,1,13,685),(2067,1,19,685),(2068,1,9,685),(2069,1,23,686),(2070,1,5,686),(2071,1,42,686),(2072,1,41,687),(2073,1,9,687),(2074,1,8,688),(2075,1,32,689),(2076,1,4,689),(2077,1,2,689),(2078,1,17,690),(2079,1,17,691),(2080,1,30,691),(2081,1,15,691),(2082,1,9,692),(2083,1,29,692),(2084,1,22,692),(2085,1,24,693),(2086,1,26,693),(2087,1,32,693),(2088,1,9,694),(2089,1,3,695),(2090,1,16,695),(2091,1,48,695),(2092,1,21,696),(2093,1,42,696),(2094,1,47,696),(2095,1,14,696),(2096,1,13,696),(2097,1,42,697),(2098,1,19,697),(2099,1,18,697),(2100,1,7,697),(2101,1,5,698),(2102,1,35,698),(2103,1,5,698),(2104,1,16,698),(2105,1,37,698),(2106,1,21,699),(2107,1,8,699),(2108,1,16,699),(2109,1,9,700),(2110,1,46,700),(2111,1,27,700),(2112,1,25,701),(2113,1,38,701),(2114,1,41,702),(2115,1,4,702),(2116,1,50,702),(2117,1,40,702),(2118,1,26,702),(2119,1,11,703),(2120,1,45,704),(2121,1,7,705),(2122,1,13,705),(2123,1,20,705),(2124,1,8,706),(2125,1,5,706),(2126,1,38,706),(2127,1,32,707),(2128,1,32,707),(2129,1,42,707),(2130,1,23,708),(2131,1,11,708),(2132,1,14,708),(2133,1,33,708),(2134,1,25,708),(2135,1,16,709),(2136,1,17,709),(2137,1,38,709),(2138,1,33,709),(2139,1,28,709),(2140,1,18,710),(2141,1,50,710),(2142,1,45,711),(2143,1,37,712),(2144,1,8,712),(2145,1,12,712),(2146,1,47,712),(2147,1,46,712),(2148,1,43,713),(2149,1,41,713),(2150,1,45,713),(2151,1,19,713),(2152,1,3,714),(2153,1,45,714),(2154,1,33,714),(2155,1,13,715),(2156,1,25,715),(2157,1,8,715),(2158,1,11,715),(2159,1,16,715),(2160,1,25,716),(2161,1,25,717),(2162,1,38,717),(2163,1,21,717),(2164,1,36,717),(2165,1,19,718),(2166,1,41,718),(2167,1,23,718),(2168,1,31,719),(2169,1,42,719),(2170,1,48,719),(2171,1,40,719),(2172,1,21,720),(2173,1,35,720),(2174,1,17,720),(2175,1,26,720),(2176,1,16,721),(2177,1,6,721),(2178,1,29,721),(2179,1,13,721),(2180,1,2,722),(2181,1,38,723),(2182,1,18,723),(2183,1,34,723),(2184,1,22,724),(2185,1,37,724),(2186,1,2,724),(2187,1,22,724),(2188,1,30,725),(2189,1,9,725),(2190,1,26,725),(2191,1,28,725),(2192,1,10,725),(2193,1,8,726),(2194,1,16,726),(2195,1,50,726),(2196,1,3,726),(2197,1,36,727),(2198,1,40,728),(2199,1,24,728),(2200,1,9,728),(2201,1,22,728),(2202,1,20,729),(2203,1,24,730),(2204,1,10,730),(2205,1,2,730),(2206,1,24,731),(2207,1,15,731),(2208,1,49,731),(2209,1,15,731),(2210,1,35,732),(2211,1,32,732),(2212,1,48,732),(2213,1,43,732),(2214,1,37,733),(2215,1,17,733),(2216,1,15,733),(2217,1,45,734),(2218,1,34,735),(2219,1,11,736),(2220,1,28,737),(2221,1,35,737),(2222,1,3,737),(2223,1,26,738),(2224,1,8,738),(2225,1,49,738),(2226,1,6,739),(2227,1,40,739),(2228,1,38,739),(2229,1,36,740),(2230,1,44,741),(2231,1,16,741),(2232,1,26,741),(2233,1,9,741),(2234,1,8,742),(2235,1,50,743),(2236,1,31,743),(2237,1,11,744),(2238,1,45,744),(2239,1,23,744),(2240,1,45,745),(2241,1,3,745),(2242,1,31,745),(2243,1,18,745),(2244,1,5,745),(2245,1,47,746),(2246,1,1,746),(2247,1,24,747),(2248,1,23,747),(2249,1,29,748),(2250,1,31,748),(2251,1,33,749),(2252,1,3,749),(2253,1,22,750),(2254,1,25,750),(2255,1,33,751),(2256,1,11,752),(2257,1,2,753),(2258,1,28,753),(2259,1,44,753),(2260,1,16,753),(2261,1,36,753),(2262,1,22,754),(2263,1,44,754),(2264,1,29,754),(2265,1,22,754),(2266,1,17,755),(2267,1,8,755),(2268,1,20,756),(2269,1,39,756),(2270,1,30,756),(2271,1,40,756),(2272,1,5,757),(2273,1,3,757),(2274,1,10,757),(2275,1,27,757),(2276,1,6,757),(2277,1,2,758),(2278,1,10,758),(2279,1,21,759),(2280,1,12,759),(2281,1,34,759),(2282,1,42,760),(2283,1,48,760),(2284,1,1,760),(2285,1,28,761),(2286,1,44,761),(2287,1,47,761),(2288,1,47,762),(2289,1,17,762),(2290,1,40,762),(2291,1,17,763),(2292,1,11,764),(2293,1,34,765),(2294,1,2,765),(2295,1,40,765),(2296,1,3,765),(2297,1,15,766),(2298,1,24,766),(2299,1,11,767),(2300,1,1,768),(2301,1,36,768),(2302,1,20,768),(2303,1,48,768),(2304,1,26,768),(2305,1,2,769),(2306,1,6,769),(2307,1,6,769),(2308,1,18,769),(2309,1,22,769),(2310,1,25,770),(2311,1,12,770),(2312,1,44,771),(2313,1,42,771),(2314,1,48,771),(2315,1,35,771),(2316,1,5,772),(2317,1,23,772),(2318,1,24,772),(2319,1,20,772),(2320,1,22,772),(2321,1,7,773),(2322,1,50,773),(2323,1,43,774),(2324,1,33,774),(2325,1,28,774),(2326,1,32,774),(2327,1,43,775),(2328,1,32,775),(2329,1,26,776),(2330,1,34,776),(2331,1,25,776),(2332,1,30,777),(2333,1,30,777),(2334,1,13,777),(2335,1,50,777),(2336,1,27,778),(2337,1,11,778),(2338,1,40,779),(2339,1,14,779),(2340,1,30,779),(2341,1,16,780),(2342,1,7,780),(2343,1,38,781),(2344,1,8,781),(2345,1,12,781),(2346,1,9,782),(2347,1,22,782),(2348,1,39,782),(2349,1,22,782),(2350,1,14,783),(2351,1,16,783),(2352,1,34,783),(2353,1,42,783),(2354,1,8,783),(2355,1,20,784),(2356,1,47,784),(2357,1,48,784),(2358,1,36,785),(2359,1,29,785),(2360,1,42,785),(2361,1,38,786),(2362,1,27,786),(2363,1,48,786),(2364,1,49,786),(2365,1,13,786),(2366,1,34,787),(2367,1,30,787),(2368,1,20,787),(2369,1,21,787),(2370,1,23,787),(2371,1,7,788),(2372,1,4,788),(2373,1,25,788),(2374,1,17,788),(2375,1,47,789),(2376,1,3,789),(2377,1,38,789),(2378,1,9,789),(2379,1,10,790),(2380,1,44,790),(2381,1,44,790),(2382,1,11,791),(2383,1,28,791),(2384,1,50,791),(2385,1,44,792),(2386,1,10,792),(2387,1,14,792),(2388,1,12,793),(2389,1,20,793),(2390,1,33,793),(2391,1,41,793),(2392,1,41,793),(2393,1,29,794),(2394,1,47,794),(2395,1,20,794),(2396,1,15,795),(2397,1,2,796),(2398,1,34,796),(2399,1,31,797),(2400,1,20,798),(2401,1,16,799),(2402,1,42,800),(2403,1,36,800),(2404,1,11,800),(2405,1,16,801),(2406,1,26,801),(2407,1,2,801),(2408,1,36,801),(2409,1,26,801),(2410,1,8,802),(2411,1,35,803),(2412,1,17,803),(2413,1,26,803),(2414,1,4,803),(2415,1,8,804),(2416,1,38,804),(2417,1,32,804),(2418,1,39,805),(2419,1,36,806),(2420,1,28,806),(2421,1,3,807),(2422,1,2,807),(2423,1,32,807),(2424,1,19,807),(2425,1,32,807),(2426,1,7,808),(2427,1,20,808),(2428,1,25,808),(2429,1,41,808),(2430,1,24,808),(2431,1,29,809),(2432,1,50,809),(2433,1,25,809),(2434,1,16,809),(2435,1,42,809),(2436,1,31,810),(2437,1,47,810),(2438,1,19,810),(2439,1,7,810),(2440,1,10,811),(2441,1,45,811),(2442,1,23,812),(2443,1,22,812),(2444,1,38,812),(2445,1,23,813),(2446,1,17,814),(2447,1,20,814),(2448,1,21,815),(2449,1,15,816),(2450,1,25,816),(2451,1,40,816),(2452,1,34,816),(2453,1,37,816),(2454,1,40,817),(2455,1,43,817),(2456,1,45,817),(2457,1,42,817),(2458,1,21,818),(2459,1,50,819),(2460,1,37,819),(2461,1,42,820),(2462,1,24,820),(2463,1,49,820),(2464,1,19,820),(2465,1,13,820),(2466,1,7,821),(2467,1,22,822),(2468,1,7,822),(2469,1,1,822),(2470,1,26,823),(2471,1,7,823),(2472,1,42,824),(2473,1,41,825),(2474,1,38,825),(2475,1,36,825),(2476,1,10,825),(2477,1,45,826),(2478,1,1,826),(2479,1,44,826),(2480,1,36,826),(2481,1,16,826),(2482,1,6,827),(2483,1,19,827),(2484,1,13,828),(2485,1,46,828),(2486,1,29,829),(2487,1,37,829),(2488,1,48,829),(2489,1,4,830),(2490,1,14,830),(2491,1,8,830),(2492,1,18,831),(2493,1,48,832),(2494,1,17,832),(2495,1,41,833),(2496,1,45,833),(2497,1,49,833),(2498,1,28,833),(2499,1,26,833),(2500,1,18,834),(2501,1,18,835),(2502,1,14,835),(2503,1,20,836),(2504,1,36,836),(2505,1,13,836),(2506,1,50,837),(2507,1,43,838),(2508,1,28,838),(2509,1,22,838),(2510,1,41,838),(2511,1,20,839),(2512,1,11,839),(2513,1,30,839),(2514,1,15,839),(2515,1,18,840),(2516,1,4,840),(2517,1,25,841),(2518,1,46,841),(2519,1,20,841),(2520,1,8,842),(2521,1,31,842),(2522,1,14,842),(2523,1,17,843),(2524,1,31,843),(2525,1,24,843),(2526,1,10,843),(2527,1,29,844),(2528,1,47,845),(2529,1,21,845),(2530,1,3,845),(2531,1,3,845),(2532,1,10,845),(2533,1,5,846),(2534,1,12,847),(2535,1,29,847),(2536,1,8,847),(2537,1,31,847),(2538,1,49,847),(2539,1,13,848),(2540,1,5,848),(2541,1,9,848),(2542,1,31,848),(2543,1,38,848),(2544,1,13,849),(2545,1,10,849),(2546,1,29,850),(2547,1,18,850),(2548,1,14,850),(2549,1,14,850),(2550,1,2,850),(2551,1,16,851),(2552,1,21,852),(2553,1,3,852),(2554,1,50,852),(2555,1,35,852),(2556,1,15,852),(2557,1,28,853),(2558,1,11,853),(2559,1,40,853),(2560,1,16,854),(2561,1,50,854),(2562,1,27,854),(2563,1,22,854),(2564,1,26,854),(2565,1,16,855),(2566,1,13,856),(2567,1,49,857),(2568,1,1,857),(2569,1,24,858),(2570,1,47,858),(2571,1,48,859),(2572,1,21,859),(2573,1,7,859),(2574,1,26,859),(2575,1,7,860),(2576,1,25,860),(2577,1,26,860),(2578,1,37,860),(2579,1,5,861),(2580,1,15,861),(2581,1,49,861),(2582,1,49,861),(2583,1,30,861),(2584,1,18,862),(2585,1,32,862),(2586,1,30,863),(2587,1,34,863),(2588,1,44,864),(2589,1,29,864),(2590,1,20,864),(2591,1,37,865),(2592,1,25,865),(2593,1,44,865),(2594,1,3,865),(2595,1,3,865),(2596,1,41,866),(2597,1,39,866),(2598,1,45,866),(2599,1,18,866),(2600,1,7,867),(2601,1,23,867),(2602,1,13,867),(2603,1,40,868),(2604,1,17,868),(2605,1,42,869),(2606,1,39,869),(2607,1,36,869),(2608,1,43,870),(2609,1,47,870),(2610,1,28,870),(2611,1,3,870),(2612,1,9,871),(2613,1,45,871),(2614,1,26,871),(2615,1,22,871),(2616,1,36,871),(2617,1,5,872),(2618,1,50,873),(2619,1,17,873),(2620,1,23,873),(2621,1,34,874),(2622,1,23,875),(2623,1,11,875),(2624,1,43,876),(2625,1,48,876),(2626,1,33,877),(2627,1,44,877),(2628,1,29,877),(2629,1,9,878),(2630,1,22,878),(2631,1,1,878),(2632,1,46,878),(2633,1,20,878),(2634,1,14,879),(2635,1,18,879),(2636,1,9,879),(2637,1,46,879),(2638,1,24,879),(2639,1,14,880),(2640,1,8,881),(2641,1,50,882),(2642,1,14,882),(2643,1,31,883),(2644,1,39,883),(2645,1,16,883),(2646,1,22,884),(2647,1,26,885),(2648,1,43,885),(2649,1,36,885),(2650,1,21,886),(2651,1,29,887),(2652,1,34,887),(2653,1,2,887),(2654,1,14,887),(2655,1,1,888),(2656,1,10,888),(2657,1,5,888),(2658,1,1,888),(2659,1,1,889),(2660,1,12,889),(2661,1,38,889),(2662,1,12,889),(2663,1,14,890),(2664,1,7,890),(2665,1,21,890),(2666,1,39,891),(2667,1,14,891),(2668,1,26,892),(2669,1,40,892),(2670,1,32,892),(2671,1,26,892),(2672,1,14,893),(2673,1,25,893),(2674,1,5,893),(2675,1,22,893),(2676,1,12,893),(2677,1,24,894),(2678,1,15,894),(2679,1,11,894),(2680,1,11,895),(2681,1,38,896),(2682,1,48,896),(2683,1,13,896),(2684,1,40,896),(2685,1,31,897),(2686,1,31,897),(2687,1,40,897),(2688,1,15,897),(2689,1,40,897),(2690,1,21,898),(2691,1,27,898),(2692,1,1,898),(2693,1,42,898),(2694,1,14,898),(2695,1,24,899),(2696,1,22,899),(2697,1,34,899),(2698,1,27,899),(2699,1,25,900),(2700,1,39,901),(2701,1,40,901),(2702,1,3,901),(2703,1,31,902),(2704,1,31,902),(2705,1,45,902),(2706,1,11,902),(2707,1,34,902),(2708,1,20,903),(2709,1,25,904),(2710,1,15,904),(2711,1,47,904),(2712,1,43,904),(2713,1,14,905),(2714,1,40,905),(2715,1,33,905),(2716,1,39,906),(2717,1,13,906),(2718,1,35,907),(2719,1,16,907),(2720,1,40,907),(2721,1,24,907),(2722,1,5,907),(2723,1,8,908),(2724,1,48,908),(2725,1,20,908),(2726,1,17,908),(2727,1,2,909),(2728,1,1,909),(2729,1,46,909),(2730,1,45,910),(2731,1,21,910),(2732,1,46,910),(2733,1,49,911),(2734,1,46,911),(2735,1,17,911),(2736,1,29,911),(2737,1,14,911),(2738,1,2,912),(2739,1,36,912),(2740,1,47,912),(2741,1,18,912),(2742,1,23,912),(2743,1,46,913),(2744,1,13,914),(2745,1,30,915),(2746,1,49,915),(2747,1,48,916),(2748,1,6,916),(2749,1,23,916),(2750,1,28,916),(2751,1,31,916),(2752,1,45,917),(2753,1,4,918),(2754,1,13,918),(2755,1,21,918),(2756,1,2,919),(2757,1,47,919),(2758,1,9,919),(2759,1,43,919),(2760,1,48,919),(2761,1,17,920),(2762,1,47,920),(2763,1,26,920),(2764,1,33,920),(2765,1,10,921),(2766,1,44,921),(2767,1,24,921),(2768,1,26,921),(2769,1,10,921),(2770,1,48,922),(2771,1,9,922),(2772,1,46,922),(2773,1,6,922),(2774,1,50,922),(2775,1,27,923),(2776,1,27,923),(2777,1,29,923),(2778,1,22,923),(2779,1,26,923),(2780,1,34,924),(2781,1,29,925),(2782,1,37,926),(2783,1,49,927),(2784,1,12,928),(2785,1,28,928),(2786,1,33,929),(2787,1,21,929),(2788,1,19,930),(2789,1,14,930),(2790,1,5,931),(2791,1,28,931),(2792,1,4,931),(2793,1,41,932),(2794,1,34,932),(2795,1,32,932),(2796,1,43,932),(2797,1,5,932),(2798,1,35,933),(2799,1,16,933),(2800,1,36,934),(2801,1,8,934),(2802,1,39,935),(2803,1,23,935),(2804,1,11,935),(2805,1,41,935),(2806,1,49,936),(2807,1,11,936),(2808,1,31,936),(2809,1,6,936),(2810,1,12,937),(2811,1,26,937),(2812,1,41,937),(2813,1,3,937),(2814,1,3,937),(2815,1,16,938),(2816,1,47,938),(2817,1,6,938),(2818,1,8,938),(2819,1,27,939),(2820,1,34,939),(2821,1,35,939),(2822,1,13,939),(2823,1,2,939),(2824,1,49,940),(2825,1,31,941),(2826,1,8,942),(2827,1,7,942),(2828,1,32,942),(2829,1,35,942),(2830,1,9,942),(2831,1,44,943),(2832,1,2,944),(2833,1,43,944),(2834,1,8,944),(2835,1,36,944),(2836,1,22,945),(2837,1,45,945),(2838,1,3,945),(2839,1,30,945),(2840,1,41,945),(2841,1,10,946),(2842,1,23,946),(2843,1,31,946),(2844,1,6,946),(2845,1,22,947),(2846,1,35,947),(2847,1,29,947),(2848,1,42,948),(2849,1,43,948),(2850,1,4,948),(2851,1,26,948),(2852,1,2,948),(2853,1,12,949),(2854,1,5,949),(2855,1,18,949),(2856,1,24,949),(2857,1,32,950),(2858,1,12,950),(2859,1,2,950),(2860,1,42,951),(2861,1,3,951),(2862,1,15,951),(2863,1,27,951),(2864,1,48,952),(2865,1,37,952),(2866,1,7,952),(2867,1,32,953),(2868,1,37,953),(2869,1,34,953),(2870,1,22,953),(2871,1,34,953),(2872,1,8,954),(2873,1,3,955),(2874,1,19,955),(2875,1,43,955),(2876,1,5,956),(2877,1,45,957),(2878,1,33,957),(2879,1,2,957),(2880,1,5,958),(2881,1,9,958),(2882,1,29,958),(2883,1,29,958),(2884,1,42,959),(2885,1,34,959),(2886,1,45,959),(2887,1,20,959),(2888,1,13,960),(2889,1,20,961),(2890,1,45,961),(2891,1,35,961),(2892,1,34,961),(2893,1,38,962),(2894,1,30,962),(2895,1,17,962),(2896,1,18,962),(2897,1,47,963),(2898,1,50,963),(2899,1,23,963),(2900,1,17,963),(2901,1,37,964),(2902,1,36,964),(2903,1,3,964),(2904,1,24,964),(2905,1,31,965),(2906,1,14,965),(2907,1,10,965),(2908,1,43,965),(2909,1,25,966),(2910,1,17,966),(2911,1,33,966),(2912,1,34,966),(2913,1,34,966),(2914,1,6,967),(2915,1,32,967),(2916,1,43,968),(2917,1,26,968),(2918,1,28,968),(2919,1,41,969),(2920,1,40,969),(2921,1,49,969),(2922,1,4,970),(2923,1,3,970),(2924,1,8,971),(2925,1,41,971),(2926,1,6,971),(2927,1,31,971),(2928,1,34,972),(2929,1,8,972),(2930,1,35,972),(2931,1,37,972),(2932,1,7,973),(2933,1,30,974),(2934,1,24,974),(2935,1,38,974),(2936,1,3,974),(2937,1,50,975),(2938,1,24,975),(2939,1,24,976),(2940,1,38,976),(2941,1,5,976),(2942,1,21,976),(2943,1,41,976),(2944,1,30,977),(2945,1,24,978),(2946,1,30,979),(2947,1,46,980),(2948,1,4,980),(2949,1,19,980),(2950,1,49,981),(2951,1,49,981),(2952,1,9,981),(2953,1,12,981),(2954,1,2,982),(2955,1,4,982),(2956,1,20,983),(2957,1,40,983),(2958,1,36,983),(2959,1,15,983),(2960,1,33,984),(2961,1,49,985),(2962,1,13,985),(2963,1,30,985),(2964,1,1,985),(2965,1,37,986),(2966,1,7,986),(2967,1,37,986),(2968,1,49,987),(2969,1,11,987),(2970,1,13,987),(2971,1,25,987),(2972,1,5,988),(2973,1,15,988),(2974,1,15,988),(2975,1,18,988),(2976,1,12,988),(2977,1,11,989),(2978,1,45,989),(2979,1,28,989),(2980,1,46,989),(2981,1,48,990),(2982,1,3,990),(2983,1,2,990),(2984,1,5,990),(2985,1,10,991),(2986,1,18,991),(2987,1,2,991),(2988,1,14,991),(2989,1,4,991),(2990,1,16,992),(2991,1,21,993),(2992,1,33,993),(2993,1,2,993),(2994,1,23,993),(2995,1,36,994),(2996,1,41,994),(2997,1,25,995),(2998,1,43,995),(2999,1,50,995),(3000,1,18,995),(3001,1,45,996),(3002,1,32,996),(3003,1,44,996),(3004,1,24,996),(3005,1,37,996),(3006,1,32,997),(3007,1,4,997),(3008,1,35,997),(3009,1,3,997),(3010,1,14,998),(3011,1,22,998),(3012,1,47,998),(3013,1,4,998),(3014,1,3,998),(3015,1,18,999),(3016,1,29,999),(3017,1,50,999),(3018,1,17,1000),(3019,1,10,1000),(3020,1,31,1000),(3021,1,5,1000),(3022,1,6,1000);
/*!40000 ALTER TABLE `orderitem` ENABLE KEYS */;
UNLOCK TABLES;

--
-- Table structure for table `orders`
--

DROP TABLE IF EXISTS `orders`;
/*!40101 SET @saved_cs_client     = @@character_set_client */;
/*!50503 SET character_set_client = utf8mb4 */;
CREATE TABLE `orders` (
  `OrderID` int unsigned NOT NULL AUTO_INCREMENT,
  `Date` date DEFAULT NULL,
  `TotalPrice` decimal(10,2) DEFAULT NULL,
  `Customer` int unsigned NOT NULL,
  `Booking` int unsigned DEFAULT NULL,
  `OrderDeliveryStatus` int unsigned DEFAULT NULL,
  PRIMARY KEY (`OrderID`),
  KEY `fk_Orders_Customers1_idx` (`Customer`),
  KEY `fk_Orders_Bookings1_idx` (`Booking`),
  KEY `fk_Orders_OrderDeliveryStatus1_idx` (`OrderDeliveryStatus`),
  CONSTRAINT `fk_Orders_Bookings1` FOREIGN KEY (`Booking`) REFERENCES `bookings` (`BookingID`),
  CONSTRAINT `fk_Orders_Customers1` FOREIGN KEY (`Customer`) REFERENCES `customers` (`CustomerID`),
  CONSTRAINT `fk_Orders_OrderDeliveryStatus1` FOREIGN KEY (`OrderDeliveryStatus`) REFERENCES `orderdeliverystatus` (`OrderStatusID`)
) ENGINE=InnoDB AUTO_INCREMENT=1001 DEFAULT CHARSET=utf8mb3;
/*!40101 SET character_set_client = @saved_cs_client */;

--
-- Dumping data for table `orders`
--

LOCK TABLES `orders` WRITE;
/*!40000 ALTER TABLE `orders` DISABLE KEYS */;
INSERT INTO `orders` VALUES (1,NULL,6.99,11,NULL,NULL),(2,NULL,82.95,9,NULL,NULL),(3,NULL,40.97,14,NULL,NULL),(4,NULL,73.95,23,NULL,NULL),(5,NULL,46.96,25,NULL,NULL),(6,NULL,31.98,22,NULL,NULL),(7,NULL,48.97,25,NULL,NULL),(8,NULL,67.95,10,NULL,NULL),(9,NULL,45.47,12,NULL,NULL),(10,NULL,29.96,8,NULL,NULL),(11,NULL,29.98,8,NULL,NULL),(12,NULL,52.97,22,NULL,NULL),(13,NULL,11.99,11,NULL,NULL),(14,NULL,42.96,10,NULL,NULL),(15,NULL,29.77,18,NULL,NULL),(16,NULL,41.97,21,NULL,NULL),(17,NULL,7.99,13,NULL,NULL),(18,NULL,38.96,7,NULL,NULL),(19,NULL,60.45,10,NULL,NULL),(20,NULL,71.75,29,NULL,NULL),(21,NULL,37.96,32,NULL,NULL),(22,NULL,85.45,28,NULL,NULL),(23,NULL,56.97,2,NULL,NULL),(24,NULL,18.99,15,NULL,NULL),(25,NULL,43.96,17,NULL,NULL),(26,NULL,50.46,18,NULL,NULL),(27,NULL,12.99,21,NULL,NULL),(28,NULL,42.96,24,NULL,NULL),(29,NULL,36.97,22,NULL,NULL),(30,NULL,40.97,15,NULL,NULL),(31,NULL,25.98,24,NULL,NULL),(32,NULL,30.97,19,NULL,NULL),(33,NULL,49.97,27,NULL,NULL),(34,NULL,65.95,24,NULL,NULL),(35,NULL,53.76,7,NULL,NULL),(36,NULL,36.97,28,NULL,NULL),(37,NULL,53.96,11,NULL,NULL),(38,NULL,6.99,4,NULL,NULL),(39,NULL,20.99,2,NULL,NULL),(40,NULL,13.99,26,NULL,NULL),(41,NULL,48.97,27,NULL,NULL),(42,NULL,70.95,19,NULL,NULL),(43,NULL,41.47,10,NULL,NULL),(44,NULL,68.96,6,NULL,NULL),(45,NULL,38.98,10,NULL,NULL),(46,NULL,19.99,30,NULL,NULL),(47,NULL,16.99,21,NULL,NULL),(48,NULL,39.98,17,NULL,NULL),(49,NULL,37.97,31,NULL,NULL),(50,NULL,18.99,23,NULL,NULL),(51,NULL,72.95,8,NULL,NULL),(52,NULL,48.97,23,NULL,NULL),(53,NULL,66.95,5,NULL,NULL),(54,NULL,50.46,32,NULL,NULL),(55,NULL,53.96,11,NULL,NULL),(56,NULL,17.98,3,NULL,NULL),(57,NULL,42.96,16,NULL,NULL),(58,NULL,56.97,16,NULL,NULL),(59,NULL,25.98,9,NULL,NULL),(60,NULL,57.96,15,NULL,NULL),(61,NULL,41.97,28,NULL,NULL),(62,NULL,48.97,26,NULL,NULL),(63,NULL,53.96,11,NULL,NULL),(64,NULL,36.98,10,NULL,NULL),(65,NULL,33.77,24,NULL,NULL),(66,NULL,19.98,4,NULL,NULL),(67,NULL,18.99,20,NULL,NULL),(68,NULL,34.98,25,NULL,NULL),(69,NULL,80.45,20,NULL,NULL),(70,NULL,53.95,13,NULL,NULL),(71,NULL,87.75,19,NULL,NULL),(72,NULL,40.98,15,NULL,NULL),(73,NULL,26.98,2,NULL,NULL),(74,NULL,41.97,2,NULL,NULL),(75,NULL,21.99,14,NULL,NULL),(76,NULL,8.99,28,NULL,NULL),(77,NULL,67.96,29,NULL,NULL),(78,NULL,40.45,31,NULL,NULL),(79,NULL,17.99,17,NULL,NULL),(80,NULL,32.98,22,NULL,NULL),(81,NULL,8.99,13,NULL,NULL),(82,NULL,80.95,25,NULL,NULL),(83,NULL,16.99,27,NULL,NULL),(84,NULL,8.99,12,NULL,NULL),(85,NULL,61.96,32,NULL,NULL),(86,NULL,50.95,1,NULL,NULL),(87,NULL,60.76,29,NULL,NULL),(88,NULL,10.99,15,NULL,NULL),(89,NULL,53.26,20,NULL,NULL),(90,NULL,84.95,29,NULL,NULL),(91,NULL,18.99,13,NULL,NULL),(92,NULL,45.97,27,NULL,NULL),(93,NULL,61.96,23,NULL,NULL),(94,NULL,51.97,11,NULL,NULL),(95,NULL,45.46,28,NULL,NULL),(96,NULL,17.99,5,NULL,NULL),(97,NULL,52.96,7,NULL,NULL),(98,NULL,9.99,20,NULL,NULL),(99,NULL,65.45,20,NULL,NULL),(100,NULL,31.98,21,NULL,NULL),(101,NULL,82.95,14,NULL,NULL),(102,NULL,58.96,20,NULL,NULL),(103,NULL,53.96,3,NULL,NULL),(104,NULL,4.99,24,NULL,NULL),(105,NULL,52.46,18,NULL,NULL),(106,NULL,8.99,21,NULL,NULL),(107,NULL,40.97,2,NULL,NULL),(108,NULL,36.98,8,NULL,NULL),(109,NULL,39.96,28,NULL,NULL),(110,NULL,16.99,4,NULL,NULL),(111,NULL,20.99,7,NULL,NULL),(112,NULL,43.97,16,NULL,NULL),(113,NULL,55.95,12,NULL,NULL),(114,NULL,79.96,3,NULL,NULL),(115,NULL,62.45,6,NULL,NULL),(116,NULL,44.96,6,NULL,NULL),(117,NULL,65.96,16,NULL,NULL),(118,NULL,51.96,17,NULL,NULL),(119,NULL,59.95,26,NULL,NULL),(120,NULL,70.95,7,NULL,NULL),(121,NULL,16.99,10,NULL,NULL),(122,NULL,60.96,11,NULL,NULL),(123,NULL,34.97,26,NULL,NULL),(124,NULL,26.98,8,NULL,NULL),(125,NULL,62.95,22,NULL,NULL),(126,NULL,71.96,5,NULL,NULL),(127,NULL,87.95,1,NULL,NULL),(128,NULL,57.95,30,NULL,NULL),(129,NULL,5.99,3,NULL,NULL),(130,NULL,26.97,5,NULL,NULL),(131,NULL,45.97,20,NULL,NULL),(132,NULL,35.46,25,NULL,NULL),(133,NULL,15.99,20,NULL,NULL),(134,NULL,23.99,18,NULL,NULL),(135,NULL,33.98,7,NULL,NULL),(136,NULL,64.95,16,NULL,NULL),(137,NULL,42.97,20,NULL,NULL),(138,NULL,5.99,19,NULL,NULL),(139,NULL,32.77,7,NULL,NULL),(140,NULL,18.97,24,NULL,NULL),(141,NULL,26.97,27,NULL,NULL),(142,NULL,7.99,7,NULL,NULL),(143,NULL,38.97,27,NULL,NULL),(144,NULL,35.97,17,NULL,NULL),(145,NULL,65.96,9,NULL,NULL),(146,NULL,29.77,24,NULL,NULL),(147,NULL,65.95,21,NULL,NULL),(148,NULL,34.96,22,NULL,NULL),(149,NULL,48.97,15,NULL,NULL),(150,NULL,61.75,16,NULL,NULL),(151,NULL,19.99,29,NULL,NULL),(152,NULL,30.77,13,NULL,NULL),(153,NULL,83.95,17,NULL,NULL),(154,NULL,61.96,22,NULL,NULL),(155,NULL,10.99,22,NULL,NULL),(156,NULL,36.25,1,NULL,NULL),(157,NULL,29.98,32,NULL,NULL),(158,NULL,6.99,1,NULL,NULL),(159,NULL,11.99,8,NULL,NULL),(160,NULL,55.96,1,NULL,NULL),(161,NULL,66.96,19,NULL,NULL),(162,NULL,11.99,21,NULL,NULL),(163,NULL,41.97,9,NULL,NULL),(164,NULL,36.47,31,NULL,NULL),(165,NULL,42.76,21,NULL,NULL),(166,NULL,32.97,26,NULL,NULL),(167,NULL,65.95,16,NULL,NULL),(168,NULL,43.97,2,NULL,NULL),(169,NULL,91.95,14,NULL,NULL),(170,NULL,35.97,17,NULL,NULL),(171,NULL,15.99,5,NULL,NULL),(172,NULL,9.99,10,NULL,NULL),(173,NULL,25.98,11,NULL,NULL),(174,NULL,56.95,13,NULL,NULL),(175,NULL,7.99,24,NULL,NULL),(176,NULL,73.95,26,NULL,NULL),(177,NULL,76.95,32,NULL,NULL),(178,NULL,17.99,15,NULL,NULL),(179,NULL,32.98,5,NULL,NULL),(180,NULL,47.97,5,NULL,NULL),(181,NULL,46.76,30,NULL,NULL),(182,NULL,86.95,18,NULL,NULL),(183,NULL,16.99,5,NULL,NULL),(184,NULL,40.97,3,NULL,NULL),(185,NULL,22.77,11,NULL,NULL),(186,NULL,8.99,10,NULL,NULL),(187,NULL,73.95,3,NULL,NULL),(188,NULL,77.45,6,NULL,NULL),(189,NULL,50.97,31,NULL,NULL),(190,NULL,93.95,5,NULL,NULL),(191,NULL,46.97,19,NULL,NULL),(192,NULL,21.98,32,NULL,NULL),(193,NULL,24.97,32,NULL,NULL),(194,NULL,33.98,32,NULL,NULL),(195,NULL,36.98,26,NULL,NULL),(196,NULL,37.46,27,NULL,NULL),(197,NULL,7.99,7,NULL,NULL),(198,NULL,4.49,16,NULL,NULL),(199,NULL,46.95,16,NULL,NULL),(200,NULL,70.95,14,NULL,NULL),(201,NULL,40.97,24,NULL,NULL),(202,NULL,53.97,27,NULL,NULL),(203,NULL,15.99,7,NULL,NULL),(204,NULL,22.98,21,NULL,NULL),(205,NULL,4.99,19,NULL,NULL),(206,NULL,8.99,22,NULL,NULL),(207,NULL,44.76,1,NULL,NULL),(208,NULL,25.98,23,NULL,NULL),(209,NULL,9.99,27,NULL,NULL),(210,NULL,67.95,22,NULL,NULL),(211,NULL,24.98,13,NULL,NULL),(212,NULL,67.95,9,NULL,NULL),(213,NULL,20.98,28,NULL,NULL),(214,NULL,62.95,30,NULL,NULL),(215,NULL,90.95,27,NULL,NULL),(216,NULL,53.45,23,NULL,NULL),(217,NULL,75.95,31,NULL,NULL),(218,NULL,44.96,18,NULL,NULL),(219,NULL,55.97,17,NULL,NULL),(220,NULL,66.95,21,NULL,NULL),(221,NULL,31.98,20,NULL,NULL),(222,NULL,53.96,25,NULL,NULL),(223,NULL,47.96,18,NULL,NULL),(224,NULL,18.98,21,NULL,NULL),(225,NULL,58.46,17,NULL,NULL),(226,NULL,11.48,30,NULL,NULL),(227,NULL,28.77,20,NULL,NULL),(228,NULL,25.97,28,NULL,NULL),(229,NULL,16.99,11,NULL,NULL),(230,NULL,35.47,14,NULL,NULL),(231,NULL,52.96,15,NULL,NULL),(232,NULL,4.49,11,NULL,NULL),(233,NULL,67.95,9,NULL,NULL),(234,NULL,55.96,13,NULL,NULL),(235,NULL,15.99,18,NULL,NULL),(236,NULL,34.47,20,NULL,NULL),(237,NULL,18.99,3,NULL,NULL),(238,NULL,9.99,8,NULL,NULL),(239,NULL,17.99,10,NULL,NULL),(240,NULL,51.45,21,NULL,NULL),(241,NULL,33.97,15,NULL,NULL),(242,NULL,7.99,8,NULL,NULL),(243,NULL,13.48,6,NULL,NULL),(244,NULL,6.99,24,NULL,NULL),(245,NULL,15.99,31,NULL,NULL),(246,NULL,35.98,5,NULL,NULL),(247,NULL,20.98,7,NULL,NULL),(248,NULL,62.96,18,NULL,NULL),(249,NULL,16.99,3,NULL,NULL),(250,NULL,27.47,28,NULL,NULL),(251,NULL,30.97,6,NULL,NULL),(252,NULL,59.95,26,NULL,NULL),(253,NULL,21.99,29,NULL,NULL),(254,NULL,75.95,6,NULL,NULL),(255,NULL,18.99,24,NULL,NULL),(256,NULL,46.96,12,NULL,NULL),(257,NULL,60.96,16,NULL,NULL),(258,NULL,15.99,17,NULL,NULL),(259,NULL,16.98,4,NULL,NULL),(260,NULL,52.96,29,NULL,NULL),(261,NULL,22.98,22,NULL,NULL),(262,NULL,56.97,10,NULL,NULL),(263,NULL,61.95,24,NULL,NULL),(264,NULL,30.98,17,NULL,NULL),(265,NULL,30.97,4,NULL,NULL),(266,NULL,74.95,17,NULL,NULL),(267,NULL,40.76,25,NULL,NULL),(268,NULL,8.99,6,NULL,NULL),(269,NULL,47.97,6,NULL,NULL),(270,NULL,35.98,20,NULL,NULL),(271,NULL,41.96,6,NULL,NULL),(272,NULL,45.76,26,NULL,NULL),(273,NULL,79.75,13,NULL,NULL),(274,NULL,11.99,13,NULL,NULL),(275,NULL,24.98,18,NULL,NULL),(276,NULL,14.99,9,NULL,NULL),(277,NULL,54.96,30,NULL,NULL),(278,NULL,30.98,27,NULL,NULL),(279,NULL,65.95,12,NULL,NULL),(280,NULL,69.95,3,NULL,NULL),(281,NULL,28.98,20,NULL,NULL),(282,NULL,27.98,10,NULL,NULL),(283,NULL,28.98,32,NULL,NULL),(284,NULL,69.95,15,NULL,NULL),(285,NULL,67.95,30,NULL,NULL),(286,NULL,33.97,7,NULL,NULL),(287,NULL,21.48,29,NULL,NULL),(288,NULL,67.95,22,NULL,NULL),(289,NULL,48.97,22,NULL,NULL),(290,NULL,40.98,8,NULL,NULL),(291,NULL,51.96,5,NULL,NULL),(292,NULL,79.95,27,NULL,NULL),(293,NULL,46.97,24,NULL,NULL),(294,NULL,36.97,28,NULL,NULL),(295,NULL,72.95,17,NULL,NULL),(296,NULL,48.97,11,NULL,NULL),(297,NULL,77.95,11,NULL,NULL),(298,NULL,34.97,2,NULL,NULL),(299,NULL,64.96,17,NULL,NULL),(300,NULL,19.99,6,NULL,NULL),(301,NULL,15.99,28,NULL,NULL),(302,NULL,52.75,32,NULL,NULL),(303,NULL,51.96,5,NULL,NULL),(304,NULL,4.49,8,NULL,NULL),(305,NULL,36.98,14,NULL,NULL),(306,NULL,54.96,13,NULL,NULL),(307,NULL,37.98,23,NULL,NULL),(308,NULL,49.97,5,NULL,NULL),(309,NULL,15.99,8,NULL,NULL),(310,NULL,23.48,12,NULL,NULL),(311,NULL,24.98,22,NULL,NULL),(312,NULL,83.95,15,NULL,NULL),(313,NULL,28.98,13,NULL,NULL),(314,NULL,14.99,8,NULL,NULL),(315,NULL,6.49,12,NULL,NULL),(316,NULL,74.45,22,NULL,NULL),(317,NULL,7.99,27,NULL,NULL),(318,NULL,31.97,29,NULL,NULL),(319,NULL,13.98,1,NULL,NULL),(320,NULL,23.99,15,NULL,NULL),(321,NULL,68.96,21,NULL,NULL),(322,NULL,28.98,16,NULL,NULL),(323,NULL,43.96,13,NULL,NULL),(324,NULL,27.98,30,NULL,NULL),(325,NULL,57.96,32,NULL,NULL),(326,NULL,33.97,5,NULL,NULL),(327,NULL,7.99,31,NULL,NULL),(328,NULL,63.75,32,NULL,NULL),(329,NULL,54.96,21,NULL,NULL),(330,NULL,62.45,27,NULL,NULL),(331,NULL,16.99,5,NULL,NULL),(332,NULL,35.98,18,NULL,NULL),(333,NULL,73.95,12,NULL,NULL),(334,NULL,25.98,23,NULL,NULL),(335,NULL,9.99,16,NULL,NULL),(336,NULL,19.48,6,NULL,NULL),(337,NULL,71.45,30,NULL,NULL),(338,NULL,65.45,25,NULL,NULL),(339,NULL,18.99,25,NULL,NULL),(340,NULL,40.97,2,NULL,NULL),(341,NULL,42.96,17,NULL,NULL),(342,NULL,21.98,22,NULL,NULL),(343,NULL,53.97,32,NULL,NULL),(344,NULL,5.79,1,NULL,NULL),(345,NULL,16.99,27,NULL,NULL),(346,NULL,23.98,2,NULL,NULL),(347,NULL,86.95,18,NULL,NULL),(348,NULL,40.97,4,NULL,NULL),(349,NULL,62.95,4,NULL,NULL),(350,NULL,10.99,12,NULL,NULL),(351,NULL,36.47,27,NULL,NULL),(352,NULL,61.97,8,NULL,NULL),(353,NULL,63.95,2,NULL,NULL),(354,NULL,6.99,16,NULL,NULL),(355,NULL,9.99,23,NULL,NULL),(356,NULL,69.96,13,NULL,NULL),(357,NULL,66.96,27,NULL,NULL),(358,NULL,26.98,29,NULL,NULL),(359,NULL,71.45,10,NULL,NULL),(360,NULL,58.45,18,NULL,NULL),(361,NULL,32.98,5,NULL,NULL),(362,NULL,45.97,10,NULL,NULL),(363,NULL,66.95,17,NULL,NULL),(364,NULL,54.46,13,NULL,NULL),(365,NULL,14.99,16,NULL,NULL),(366,NULL,7.99,9,NULL,NULL),(367,NULL,24.98,31,NULL,NULL),(368,NULL,33.46,27,NULL,NULL),(369,NULL,13.98,3,NULL,NULL),(370,NULL,28.48,10,NULL,NULL),(371,NULL,18.99,23,NULL,NULL),(372,NULL,7.99,12,NULL,NULL),(373,NULL,71.95,23,NULL,NULL),(374,NULL,17.99,6,NULL,NULL),(375,NULL,62.95,9,NULL,NULL),(376,NULL,12.99,8,NULL,NULL),(377,NULL,14.98,15,NULL,NULL),(378,NULL,26.78,3,NULL,NULL),(379,NULL,4.49,23,NULL,NULL),(380,NULL,65.97,4,NULL,NULL),(381,NULL,50.97,11,NULL,NULL),(382,NULL,17.99,7,NULL,NULL),(383,NULL,42.98,25,NULL,NULL),(384,NULL,56.46,8,NULL,NULL),(385,NULL,30.98,3,NULL,NULL),(386,NULL,48.96,23,NULL,NULL),(387,NULL,82.95,21,NULL,NULL),(388,NULL,67.95,4,NULL,NULL),(389,NULL,68.95,25,NULL,NULL),(390,NULL,49.97,6,NULL,NULL),(391,NULL,13.98,18,NULL,NULL),(392,NULL,19.99,20,NULL,NULL),(393,NULL,30.98,32,NULL,NULL),(394,NULL,24.98,10,NULL,NULL),(395,NULL,67.96,29,NULL,NULL),(396,NULL,38.97,30,NULL,NULL),(397,NULL,79.95,7,NULL,NULL),(398,NULL,58.95,29,NULL,NULL),(399,NULL,53.96,29,NULL,NULL),(400,NULL,11.99,30,NULL,NULL),(401,NULL,27.48,30,NULL,NULL),(402,NULL,17.99,5,NULL,NULL),(403,NULL,57.96,21,NULL,NULL),(404,NULL,32.97,12,NULL,NULL),(405,NULL,20.99,30,NULL,NULL),(406,NULL,45.97,26,NULL,NULL),(407,NULL,49.45,11,NULL,NULL),(408,NULL,51.95,12,NULL,NULL),(409,NULL,15.98,4,NULL,NULL),(410,NULL,47.77,4,NULL,NULL),(411,NULL,15.98,11,NULL,NULL),(412,NULL,41.96,31,NULL,NULL),(413,NULL,38.47,20,NULL,NULL),(414,NULL,47.97,14,NULL,NULL),(415,NULL,22.99,29,NULL,NULL),(416,NULL,26.98,30,NULL,NULL),(417,NULL,69.95,4,NULL,NULL),(418,NULL,10.98,6,NULL,NULL),(419,NULL,30.98,30,NULL,NULL),(420,NULL,26.98,9,NULL,NULL),(421,NULL,64.95,14,NULL,NULL),(422,NULL,61.95,29,NULL,NULL),(423,NULL,59.96,14,NULL,NULL),(424,NULL,23.78,24,NULL,NULL),(425,NULL,55.75,25,NULL,NULL),(426,NULL,26.97,26,NULL,NULL),(427,NULL,43.97,27,NULL,NULL),(428,NULL,38.97,31,NULL,NULL),(429,NULL,35.77,3,NULL,NULL),(430,NULL,47.97,10,NULL,NULL),(431,NULL,72.95,26,NULL,NULL),(432,NULL,36.97,14,NULL,NULL),(433,NULL,74.95,8,NULL,NULL),(434,NULL,78.95,8,NULL,NULL),(435,NULL,62.95,2,NULL,NULL),(436,NULL,17.98,4,NULL,NULL),(437,NULL,68.95,24,NULL,NULL),(438,NULL,74.95,23,NULL,NULL),(439,NULL,18.99,14,NULL,NULL),(440,NULL,52.97,27,NULL,NULL),(441,NULL,49.96,4,NULL,NULL),(442,NULL,70.96,9,NULL,NULL),(443,NULL,27.98,28,NULL,NULL),(444,NULL,59.97,26,NULL,NULL),(445,NULL,58.45,28,NULL,NULL),(446,NULL,31.97,2,NULL,NULL),(447,NULL,73.45,4,NULL,NULL),(448,NULL,60.45,23,NULL,NULL),(449,NULL,86.95,10,NULL,NULL),(450,NULL,55.96,18,NULL,NULL),(451,NULL,38.97,10,NULL,NULL),(452,NULL,6.49,3,NULL,NULL),(453,NULL,26.48,10,NULL,NULL),(454,NULL,17.99,24,NULL,NULL),(455,NULL,37.98,22,NULL,NULL),(456,NULL,13.99,28,NULL,NULL),(457,NULL,30.98,30,NULL,NULL),(458,NULL,59.96,15,NULL,NULL),(459,NULL,15.99,21,NULL,NULL),(460,NULL,40.97,30,NULL,NULL),(461,NULL,54.96,15,NULL,NULL),(462,NULL,40.98,32,NULL,NULL),(463,NULL,10.99,10,NULL,NULL),(464,NULL,58.96,27,NULL,NULL),(465,NULL,36.97,10,NULL,NULL),(466,NULL,23.98,17,NULL,NULL),(467,NULL,25.77,28,NULL,NULL),(468,NULL,16.99,6,NULL,NULL),(469,NULL,45.97,22,NULL,NULL),(470,NULL,9.99,30,NULL,NULL),(471,NULL,60.95,22,NULL,NULL),(472,NULL,72.75,32,NULL,NULL),(473,NULL,76.95,20,NULL,NULL),(474,NULL,16.99,27,NULL,NULL),(475,NULL,34.97,20,NULL,NULL),(476,NULL,67.96,9,NULL,NULL),(477,NULL,16.99,15,NULL,NULL),(478,NULL,66.95,26,NULL,NULL),(479,NULL,49.96,19,NULL,NULL),(480,NULL,70.95,3,NULL,NULL),(481,NULL,64.95,13,NULL,NULL),(482,NULL,15.99,24,NULL,NULL),(483,NULL,27.98,26,NULL,NULL),(484,NULL,55.96,4,NULL,NULL),(485,NULL,41.97,23,NULL,NULL),(486,NULL,37.96,25,NULL,NULL),(487,NULL,13.98,11,NULL,NULL),(488,NULL,17.99,12,NULL,NULL),(489,NULL,15.48,19,NULL,NULL),(490,NULL,38.98,27,NULL,NULL),(491,NULL,58.96,12,NULL,NULL),(492,NULL,34.98,12,NULL,NULL),(493,NULL,42.98,18,NULL,NULL),(494,NULL,40.97,24,NULL,NULL),(495,NULL,42.95,4,NULL,NULL),(496,NULL,53.97,10,NULL,NULL),(497,NULL,40.96,22,NULL,NULL),(498,NULL,17.48,31,NULL,NULL),(499,NULL,97.95,22,NULL,NULL),(500,NULL,55.96,3,NULL,NULL),(501,NULL,17.98,3,NULL,NULL),(502,NULL,10.28,2,NULL,NULL),(503,NULL,62.96,19,NULL,NULL),(504,NULL,59.95,32,NULL,NULL),(505,NULL,66.45,27,NULL,NULL),(506,NULL,57.96,3,NULL,NULL),(507,NULL,8.99,14,NULL,NULL),(508,NULL,55.97,14,NULL,NULL),(509,NULL,47.96,23,NULL,NULL),(510,NULL,56.97,1,NULL,NULL),(511,NULL,62.95,2,NULL,NULL),(512,NULL,68.95,14,NULL,NULL),(513,NULL,33.98,32,NULL,NULL),(514,NULL,56.95,19,NULL,NULL),(515,NULL,68.95,8,NULL,NULL),(516,NULL,13.98,12,NULL,NULL),(517,NULL,49.97,10,NULL,NULL),(518,NULL,33.98,24,NULL,NULL),(519,NULL,59.96,32,NULL,NULL),(520,NULL,33.98,16,NULL,NULL),(521,NULL,73.95,23,NULL,NULL),(522,NULL,21.99,20,NULL,NULL),(523,NULL,55.45,10,NULL,NULL),(524,NULL,40.96,1,NULL,NULL),(525,NULL,10.99,10,NULL,NULL),(526,NULL,48.46,10,NULL,NULL),(527,NULL,31.98,12,NULL,NULL),(528,NULL,41.76,6,NULL,NULL),(529,NULL,57.45,24,NULL,NULL),(530,NULL,74.95,18,NULL,NULL),(531,NULL,37.77,22,NULL,NULL),(532,NULL,27.98,11,NULL,NULL),(533,NULL,62.96,25,NULL,NULL),(534,NULL,12.99,3,NULL,NULL),(535,NULL,42.96,6,NULL,NULL),(536,NULL,60.95,25,NULL,NULL),(537,NULL,59.46,1,NULL,NULL),(538,NULL,20.98,14,NULL,NULL),(539,NULL,90.45,17,NULL,NULL),(540,NULL,45.77,22,NULL,NULL),(541,NULL,55.95,21,NULL,NULL),(542,NULL,18.99,11,NULL,NULL),(543,NULL,23.48,25,NULL,NULL),(544,NULL,36.98,32,NULL,NULL),(545,NULL,39.97,4,NULL,NULL),(546,NULL,23.99,16,NULL,NULL),(547,NULL,9.99,24,NULL,NULL),(548,NULL,34.97,27,NULL,NULL),(549,NULL,71.95,23,NULL,NULL),(550,NULL,27.96,27,NULL,NULL),(551,NULL,43.97,18,NULL,NULL),(552,NULL,17.99,8,NULL,NULL),(553,NULL,65.96,32,NULL,NULL),(554,NULL,45.97,1,NULL,NULL),(555,NULL,65.45,28,NULL,NULL),(556,NULL,42.97,18,NULL,NULL),(557,NULL,87.95,18,NULL,NULL),(558,NULL,51.97,16,NULL,NULL),(559,NULL,33.98,9,NULL,NULL),(560,NULL,18.98,20,NULL,NULL),(561,NULL,14.99,3,NULL,NULL),(562,NULL,17.99,15,NULL,NULL),(563,NULL,31.98,2,NULL,NULL),(564,NULL,7.99,24,NULL,NULL),(565,NULL,27.98,27,NULL,NULL),(566,NULL,50.96,29,NULL,NULL),(567,NULL,78.95,12,NULL,NULL),(568,NULL,57.96,18,NULL,NULL),(569,NULL,71.95,19,NULL,NULL),(570,NULL,8.99,24,NULL,NULL),(571,NULL,73.95,11,NULL,NULL),(572,NULL,36.46,26,NULL,NULL),(573,NULL,15.99,21,NULL,NULL),(574,NULL,26.98,13,NULL,NULL),(575,NULL,21.97,6,NULL,NULL),(576,NULL,11.99,20,NULL,NULL),(577,NULL,46.97,30,NULL,NULL),(578,NULL,71.95,15,NULL,NULL),(579,NULL,61.96,22,NULL,NULL),(580,NULL,68.96,22,NULL,NULL),(581,NULL,73.95,25,NULL,NULL),(582,NULL,45.45,27,NULL,NULL),(583,NULL,41.96,30,NULL,NULL),(584,NULL,54.96,15,NULL,NULL),(585,NULL,38.47,12,NULL,NULL),(586,NULL,83.45,8,NULL,NULL),(587,NULL,50.96,3,NULL,NULL),(588,NULL,55.96,28,NULL,NULL),(589,NULL,45.96,6,NULL,NULL),(590,NULL,64.95,26,NULL,NULL),(591,NULL,36.96,22,NULL,NULL),(592,NULL,19.99,27,NULL,NULL),(593,NULL,79.75,3,NULL,NULL),(594,NULL,15.99,20,NULL,NULL),(595,NULL,52.97,17,NULL,NULL),(596,NULL,51.97,9,NULL,NULL),(597,NULL,17.98,13,NULL,NULL),(598,NULL,70.95,8,NULL,NULL),(599,NULL,22.99,16,NULL,NULL),(600,NULL,31.98,13,NULL,NULL),(601,NULL,17.98,14,NULL,NULL),(602,NULL,20.98,17,NULL,NULL),(603,NULL,57.96,30,NULL,NULL),(604,NULL,9.99,28,NULL,NULL),(605,NULL,72.96,4,NULL,NULL),(606,NULL,18.99,26,NULL,NULL),(607,NULL,21.48,24,NULL,NULL),(608,NULL,45.76,6,NULL,NULL),(609,NULL,17.99,22,NULL,NULL),(610,NULL,9.99,14,NULL,NULL),(611,NULL,59.97,20,NULL,NULL),(612,NULL,67.95,5,NULL,NULL),(613,NULL,27.98,21,NULL,NULL),(614,NULL,38.97,31,NULL,NULL),(615,NULL,33.98,29,NULL,NULL),(616,NULL,54.96,13,NULL,NULL),(617,NULL,23.99,5,NULL,NULL),(618,NULL,6.49,21,NULL,NULL),(619,NULL,9.99,29,NULL,NULL),(620,NULL,57.95,23,NULL,NULL),(621,NULL,26.98,10,NULL,NULL),(622,NULL,55.96,17,NULL,NULL),(623,NULL,75.95,9,NULL,NULL),(624,NULL,7.99,6,NULL,NULL),(625,NULL,23.97,6,NULL,NULL),(626,NULL,14.99,31,NULL,NULL),(627,NULL,25.98,2,NULL,NULL),(628,NULL,25.97,28,NULL,NULL),(629,NULL,43.47,30,NULL,NULL),(630,NULL,83.95,1,NULL,NULL),(631,NULL,38.98,24,NULL,NULL),(632,NULL,56.97,26,NULL,NULL),(633,NULL,32.97,16,NULL,NULL),(634,NULL,25.98,7,NULL,NULL),(635,NULL,27.98,7,NULL,NULL),(636,NULL,62.95,18,NULL,NULL),(637,NULL,75.96,7,NULL,NULL),(638,NULL,18.99,1,NULL,NULL),(639,NULL,39.97,5,NULL,NULL),(640,NULL,48.45,6,NULL,NULL),(641,NULL,55.97,13,NULL,NULL),(642,NULL,34.97,22,NULL,NULL),(643,NULL,36.98,20,NULL,NULL),(644,NULL,25.47,14,NULL,NULL),(645,NULL,76.45,24,NULL,NULL),(646,NULL,45.96,20,NULL,NULL),(647,NULL,18.98,28,NULL,NULL),(648,NULL,6.49,12,NULL,NULL),(649,NULL,9.99,14,NULL,NULL),(650,NULL,18.99,24,NULL,NULL),(651,NULL,34.47,9,NULL,NULL),(652,NULL,12.99,6,NULL,NULL),(653,NULL,44.97,22,NULL,NULL),(654,NULL,27.98,1,NULL,NULL),(655,NULL,18.98,21,NULL,NULL),(656,NULL,51.96,22,NULL,NULL),(657,NULL,51.96,27,NULL,NULL),(658,NULL,58.95,12,NULL,NULL),(659,NULL,65.95,29,NULL,NULL),(660,NULL,56.96,11,NULL,NULL),(661,NULL,15.98,3,NULL,NULL),(662,NULL,26.98,18,NULL,NULL),(663,NULL,57.97,13,NULL,NULL),(664,NULL,101.95,32,NULL,NULL),(665,NULL,33.98,20,NULL,NULL),(666,NULL,25.98,28,NULL,NULL),(667,NULL,38.98,11,NULL,NULL),(668,NULL,48.97,20,NULL,NULL),(669,NULL,14.99,30,NULL,NULL),(670,NULL,56.96,30,NULL,NULL),(671,NULL,65.95,4,NULL,NULL),(672,NULL,39.98,25,NULL,NULL),(673,NULL,62.96,32,NULL,NULL),(674,NULL,37.46,4,NULL,NULL),(675,NULL,22.97,28,NULL,NULL),(676,NULL,60.95,9,NULL,NULL),(677,NULL,33.98,7,NULL,NULL),(678,NULL,67.96,30,NULL,NULL),(679,NULL,78.96,27,NULL,NULL),(680,NULL,39.97,6,NULL,NULL),(681,NULL,4.49,6,NULL,NULL),(682,NULL,47.97,13,NULL,NULL),(683,NULL,74.95,7,NULL,NULL),(684,NULL,42.98,1,NULL,NULL),(685,NULL,37.47,28,NULL,NULL),(686,NULL,42.97,19,NULL,NULL),(687,NULL,37.98,14,NULL,NULL),(688,NULL,8.99,15,NULL,NULL),(689,NULL,34.97,6,NULL,NULL),(690,NULL,12.99,32,NULL,NULL),(691,NULL,41.97,8,NULL,NULL),(692,NULL,35.47,6,NULL,NULL),(693,NULL,53.97,32,NULL,NULL),(694,NULL,14.99,20,NULL,NULL),(695,NULL,29.97,26,NULL,NULL),(696,NULL,57.75,26,NULL,NULL),(697,NULL,38.46,11,NULL,NULL),(698,NULL,69.95,27,NULL,NULL),(699,NULL,26.77,17,NULL,NULL),(700,NULL,42.97,18,NULL,NULL),(701,NULL,42.98,9,NULL,NULL),(702,NULL,79.95,24,NULL,NULL),(703,NULL,10.99,15,NULL,NULL),(704,NULL,9.99,24,NULL,NULL),(705,NULL,28.97,14,NULL,NULL),(706,NULL,35.97,6,NULL,NULL),(707,NULL,59.97,11,NULL,NULL),(708,NULL,76.95,18,NULL,NULL),(709,NULL,79.95,18,NULL,NULL),(710,NULL,16.98,18,NULL,NULL),(711,NULL,9.99,6,NULL,NULL),(712,NULL,63.95,12,NULL,NULL),(713,NULL,55.46,4,NULL,NULL),(714,NULL,34.97,12,NULL,NULL),(715,NULL,71.95,23,NULL,NULL),(716,NULL,23.99,25,NULL,NULL),(717,NULL,65.76,24,NULL,NULL),(718,NULL,46.47,20,NULL,NULL),(719,NULL,67.96,4,NULL,NULL),(720,NULL,58.76,12,NULL,NULL),(721,NULL,53.96,1,NULL,NULL),(722,NULL,6.99,27,NULL,NULL),(723,NULL,42.97,10,NULL,NULL),(724,NULL,35.96,23,NULL,NULL),(725,NULL,78.95,32,NULL,NULL),(726,NULL,39.96,22,NULL,NULL),(727,NULL,16.99,10,NULL,NULL),(728,NULL,55.46,2,NULL,NULL),(729,NULL,4.99,15,NULL,NULL),(730,NULL,28.97,11,NULL,NULL),(731,NULL,44.96,11,NULL,NULL),(732,NULL,68.96,21,NULL,NULL),(733,NULL,41.97,19,NULL,NULL),(734,NULL,9.99,22,NULL,NULL),(735,NULL,17.99,2,NULL,NULL),(736,NULL,10.99,32,NULL,NULL),(737,NULL,48.97,23,NULL,NULL),(738,NULL,38.97,7,NULL,NULL),(739,NULL,49.97,28,NULL,NULL),(740,NULL,16.99,22,NULL,NULL),(741,NULL,66.96,23,NULL,NULL),(742,NULL,8.99,24,NULL,NULL),(743,NULL,29.98,3,NULL,NULL),(744,NULL,37.97,9,NULL,NULL),(745,NULL,50.95,13,NULL,NULL),(746,NULL,18.98,9,NULL,NULL),(747,NULL,31.98,21,NULL,NULL),(748,NULL,34.98,11,NULL,NULL),(749,NULL,24.98,2,NULL,NULL),(750,NULL,28.48,20,NULL,NULL),(751,NULL,16.99,31,NULL,NULL),(752,NULL,10.99,25,NULL,NULL),(753,NULL,76.95,24,NULL,NULL),(754,NULL,46.96,13,NULL,NULL),(755,NULL,21.98,30,NULL,NULL),(756,NULL,62.96,28,NULL,NULL),(757,NULL,49.95,2,NULL,NULL),(758,NULL,13.98,19,NULL,NULL),(759,NULL,37.77,7,NULL,NULL),(760,NULL,36.97,28,NULL,NULL),(761,NULL,50.97,29,NULL,NULL),(762,NULL,43.97,19,NULL,NULL),(763,NULL,12.99,5,NULL,NULL),(764,NULL,10.99,7,NULL,NULL),(765,NULL,53.96,17,NULL,NULL),(766,NULL,23.98,23,NULL,NULL),(767,NULL,10.99,26,NULL,NULL),(768,NULL,58.95,12,NULL,NULL),(769,NULL,37.45,3,NULL,NULL),(770,NULL,37.98,20,NULL,NULL),(771,NULL,71.96,31,NULL,NULL),(772,NULL,49.45,11,NULL,NULL),(773,NULL,18.98,29,NULL,NULL),(774,NULL,72.96,8,NULL,NULL),(775,NULL,36.98,21,NULL,NULL),(776,NULL,59.97,18,NULL,NULL),(777,NULL,66.96,25,NULL,NULL),(778,NULL,27.98,29,NULL,NULL),(779,NULL,48.97,13,NULL,NULL),(780,NULL,19.98,31,NULL,NULL),(781,NULL,41.97,25,NULL,NULL),(782,NULL,40.96,25,NULL,NULL),(783,NULL,64.95,28,NULL,NULL),(784,NULL,24.97,28,NULL,NULL),(785,NULL,50.97,7,NULL,NULL),(786,NULL,73.95,27,NULL,NULL),(787,NULL,65.75,10,NULL,NULL),(788,NULL,51.96,22,NULL,NULL),(789,NULL,51.96,28,NULL,NULL),(790,NULL,50.97,14,NULL,NULL),(791,NULL,40.97,18,NULL,NULL),(792,NULL,36.97,4,NULL,NULL),(793,NULL,81.95,31,NULL,NULL),(794,NULL,30.97,24,NULL,NULL),(795,NULL,8.99,17,NULL,NULL),(796,NULL,24.98,15,NULL,NULL),(797,NULL,18.99,32,NULL,NULL),(798,NULL,4.99,6,NULL,NULL),(799,NULL,11.99,16,NULL,NULL),(800,NULL,45.97,27,NULL,NULL),(801,NULL,71.95,6,NULL,NULL),(802,NULL,8.99,15,NULL,NULL),(803,NULL,59.96,5,NULL,NULL),(804,NULL,48.97,32,NULL,NULL),(805,NULL,16.99,31,NULL,NULL),(806,NULL,35.98,22,NULL,NULL),(807,NULL,63.45,31,NULL,NULL),(808,NULL,74.95,29,NULL,NULL),(809,NULL,80.95,30,NULL,NULL),(810,NULL,43.46,6,NULL,NULL),(811,NULL,16.98,29,NULL,NULL),(812,NULL,40.47,14,NULL,NULL),(813,NULL,16.99,11,NULL,NULL),(814,NULL,17.98,8,NULL,NULL),(815,NULL,5.79,5,NULL,NULL),(816,NULL,91.95,27,NULL,NULL),(817,NULL,64.96,29,NULL,NULL),(818,NULL,5.79,20,NULL,NULL),(819,NULL,30.98,14,NULL,NULL),(820,NULL,67.45,28,NULL,NULL),(821,NULL,7.99,14,NULL,NULL),(822,NULL,21.47,8,NULL,NULL),(823,NULL,25.98,4,NULL,NULL),(824,NULL,17.99,22,NULL,NULL),(825,NULL,65.96,26,NULL,NULL),(826,NULL,69.95,24,NULL,NULL),(827,NULL,16.48,22,NULL,NULL),(828,NULL,26.98,30,NULL,NULL),(829,NULL,45.97,6,NULL,NULL),(830,NULL,23.97,13,NULL,NULL),(831,NULL,5.99,27,NULL,NULL),(832,NULL,22.98,27,NULL,NULL),(833,NULL,81.95,17,NULL,NULL),(834,NULL,5.99,20,NULL,NULL),(835,NULL,13.98,10,NULL,NULL),(836,NULL,37.97,27,NULL,NULL),(837,NULL,10.99,21,NULL,NULL),(838,NULL,62.46,24,NULL,NULL),(839,NULL,44.96,27,NULL,NULL),(840,NULL,12.98,1,NULL,NULL),(841,NULL,39.97,13,NULL,NULL),(842,NULL,35.97,14,NULL,NULL),(843,NULL,53.96,31,NULL,NULL),(844,NULL,15.99,32,NULL,NULL),(845,NULL,38.75,4,NULL,NULL),(846,NULL,7.99,31,NULL,NULL),(847,NULL,69.95,26,NULL,NULL),(848,NULL,76.95,30,NULL,NULL),(849,NULL,22.98,22,NULL,NULL),(850,NULL,44.95,15,NULL,NULL),(851,NULL,11.99,30,NULL,NULL),(852,NULL,55.75,28,NULL,NULL),(853,NULL,50.97,31,NULL,NULL),(854,NULL,62.45,9,NULL,NULL),(855,NULL,11.99,14,NULL,NULL),(856,NULL,15.99,28,NULL,NULL),(857,NULL,20.98,25,NULL,NULL),(858,NULL,24.98,22,NULL,NULL),(859,NULL,41.76,21,NULL,NULL),(860,NULL,69.96,15,NULL,NULL),(861,NULL,60.95,13,NULL,NULL),(862,NULL,26.98,28,NULL,NULL),(863,NULL,37.98,28,NULL,NULL),(864,NULL,42.97,19,NULL,NULL),(865,NULL,81.95,1,NULL,NULL),(866,NULL,55.96,32,NULL,NULL),(867,NULL,40.97,22,NULL,NULL),(868,NULL,33.98,14,NULL,NULL),(869,NULL,51.97,10,NULL,NULL),(870,NULL,52.96,3,NULL,NULL),(871,NULL,64.45,27,NULL,NULL),(872,NULL,7.99,17,NULL,NULL),(873,NULL,40.97,30,NULL,NULL),(874,NULL,17.99,25,NULL,NULL),(875,NULL,27.98,25,NULL,NULL),(876,NULL,25.98,16,NULL,NULL),(877,NULL,54.97,18,NULL,NULL),(878,NULL,44.45,4,NULL,NULL),(879,NULL,54.95,7,NULL,NULL),(880,NULL,7.99,6,NULL,NULL),(881,NULL,8.99,3,NULL,NULL),(882,NULL,18.98,16,NULL,NULL),(883,NULL,47.97,18,NULL,NULL),(884,NULL,4.49,6,NULL,NULL),(885,NULL,50.97,25,NULL,NULL),(886,NULL,5.79,30,NULL,NULL),(887,NULL,48.96,32,NULL,NULL),(888,NULL,32.96,15,NULL,NULL),(889,NULL,55.96,23,NULL,NULL),(890,NULL,21.77,31,NULL,NULL),(891,NULL,24.98,12,NULL,NULL),(892,NULL,77.96,13,NULL,NULL),(893,NULL,58.45,30,NULL,NULL),(894,NULL,34.97,13,NULL,NULL),(895,NULL,10.99,16,NULL,NULL),(896,NULL,65.96,4,NULL,NULL),(897,NULL,88.95,6,NULL,NULL),(898,NULL,57.75,25,NULL,NULL),(899,NULL,54.46,4,NULL,NULL),(900,NULL,23.99,27,NULL,NULL),(901,NULL,45.97,17,NULL,NULL),(902,NULL,76.95,1,NULL,NULL),(903,NULL,4.99,27,NULL,NULL),(904,NULL,58.96,2,NULL,NULL),(905,NULL,45.97,14,NULL,NULL),(906,NULL,32.98,4,NULL,NULL),(907,NULL,77.95,25,NULL,NULL),(908,NULL,36.96,19,NULL,NULL),(909,NULL,26.97,22,NULL,NULL),(910,NULL,26.77,31,NULL,NULL),(911,NULL,59.95,13,NULL,NULL),(912,NULL,56.95,9,NULL,NULL),(913,NULL,10.99,18,NULL,NULL),(914,NULL,15.99,19,NULL,NULL),(915,NULL,31.98,1,NULL,NULL),(916,NULL,74.95,9,NULL,NULL),(917,NULL,9.99,30,NULL,NULL),(918,NULL,28.77,26,NULL,NULL),(919,NULL,57.95,11,NULL,NULL),(920,NULL,57.96,12,NULL,NULL),(921,NULL,68.95,16,NULL,NULL),(922,NULL,56.95,8,NULL,NULL),(923,NULL,72.45,26,NULL,NULL),(924,NULL,17.99,28,NULL,NULL),(925,NULL,15.99,3,NULL,NULL),(926,NULL,19.99,28,NULL,NULL),(927,NULL,11.99,26,NULL,NULL),(928,NULL,32.98,6,NULL,NULL),(929,NULL,22.78,8,NULL,NULL),(930,NULL,14.48,29,NULL,NULL),(931,NULL,33.97,12,NULL,NULL),(932,NULL,85.95,9,NULL,NULL),(933,NULL,33.98,28,NULL,NULL),(934,NULL,25.98,4,NULL,NULL),(935,NULL,67.96,21,NULL,NULL),(936,NULL,51.96,2,NULL,NULL),(937,NULL,70.95,18,NULL,NULL),(938,NULL,40.96,23,NULL,NULL),(939,NULL,79.95,23,NULL,NULL),(940,NULL,11.99,18,NULL,NULL),(941,NULL,18.99,10,NULL,NULL),(942,NULL,74.95,18,NULL,NULL),(943,NULL,21.99,22,NULL,NULL),(944,NULL,48.96,31,NULL,NULL),(945,NULL,65.45,4,NULL,NULL),(946,NULL,52.96,6,NULL,NULL),(947,NULL,42.47,4,NULL,NULL),(948,NULL,65.95,4,NULL,NULL),(949,NULL,42.96,25,NULL,NULL),(950,NULL,41.97,18,NULL,NULL),(951,NULL,51.96,16,NULL,NULL),(952,NULL,37.97,4,NULL,NULL),(953,NULL,81.45,7,NULL,NULL),(954,NULL,8.99,28,NULL,NULL),(955,NULL,30.47,22,NULL,NULL),(956,NULL,7.99,26,NULL,NULL),(957,NULL,33.97,3,NULL,NULL),(958,NULL,54.96,26,NULL,NULL),(959,NULL,50.96,19,NULL,NULL),(960,NULL,15.99,13,NULL,NULL),(961,NULL,54.96,30,NULL,NULL),(962,NULL,57.96,6,NULL,NULL),(963,NULL,50.96,10,NULL,NULL),(964,NULL,59.96,17,NULL,NULL),(965,NULL,49.96,14,NULL,NULL),(966,NULL,89.95,31,NULL,NULL),(967,NULL,30.98,11,NULL,NULL),(968,NULL,52.97,27,NULL,NULL),(969,NULL,55.97,16,NULL,NULL),(970,NULL,14.98,29,NULL,NULL),(971,NULL,60.96,13,NULL,NULL),(972,NULL,68.96,12,NULL,NULL),(973,NULL,7.99,20,NULL,NULL),(974,NULL,61.96,9,NULL,NULL),(975,NULL,25.98,9,NULL,NULL),(976,NULL,70.75,32,NULL,NULL),(977,NULL,19.99,28,NULL,NULL),(978,NULL,14.99,12,NULL,NULL),(979,NULL,19.99,23,NULL,NULL),(980,NULL,24.47,27,NULL,NULL),(981,NULL,52.96,17,NULL,NULL),(982,NULL,13.98,8,NULL,NULL),(983,NULL,51.96,29,NULL,NULL),(984,NULL,16.99,9,NULL,NULL),(985,NULL,56.96,32,NULL,NULL),(986,NULL,47.97,12,NULL,NULL),(987,NULL,62.96,15,NULL,NULL),(988,NULL,45.95,23,NULL,NULL),(989,NULL,50.96,28,NULL,NULL),(990,NULL,32.96,31,NULL,NULL),(991,NULL,34.95,18,NULL,NULL),(992,NULL,11.99,4,NULL,NULL),(993,NULL,46.76,1,NULL,NULL),(994,NULL,39.98,26,NULL,NULL),(995,NULL,56.96,15,NULL,NULL),(996,NULL,87.95,32,NULL,NULL),(997,NULL,57.96,14,NULL,NULL),(998,NULL,37.45,15,NULL,NULL),(999,NULL,32.97,6,NULL,NULL),(1000,NULL,56.95,8,NULL,NULL);
/*!40000 ALTER TABLE `orders` ENABLE KEYS */;
UNLOCK TABLES;

--
-- Table structure for table `staff`
--

DROP TABLE IF EXISTS `staff`;
/*!40101 SET @saved_cs_client     = @@character_set_client */;
/*!50503 SET character_set_client = utf8mb4 */;
CREATE TABLE `staff` (
  `StaffID` int NOT NULL AUTO_INCREMENT,
  `Role` varchar(45) NOT NULL,
  `Salary` int NOT NULL,
  `ContactDetails` int NOT NULL,
  PRIMARY KEY (`StaffID`),
  UNIQUE KEY `StaffID_UNIQUE` (`StaffID`),
  KEY `fk_Staff_ContactDetails1_idx` (`ContactDetails`),
  CONSTRAINT `fk_Staff_ContactDetails1` FOREIGN KEY (`ContactDetails`) REFERENCES `contactdetails` (`ContactDetailsID`)
) ENGINE=InnoDB AUTO_INCREMENT=19 DEFAULT CHARSET=utf8mb3;
/*!40101 SET character_set_client = @saved_cs_client */;

--
-- Dumping data for table `staff`
--

LOCK TABLES `staff` WRITE;
/*!40000 ALTER TABLE `staff` DISABLE KEYS */;
INSERT INTO `staff` VALUES (1,'Waiter',25000,33),(2,'Chef',40000,34),(3,'Waiter',25000,35),(4,'Manager',50000,36),(5,'Waiter',25000,37),(6,'Waiter',25000,38),(7,'Waiter',25000,39),(8,'Waiter',25000,40),(9,'Chef',40000,41),(10,'Waiter',25000,42),(11,'Waiter',25000,43),(12,'Waiter',25000,44),(13,'Waiter',25000,45),(14,'Waiter',25000,46),(15,'Waiter',25000,47),(16,'Waiter',25000,48),(17,'Waiter',25000,49),(18,'Manager',50000,50);
/*!40000 ALTER TABLE `staff` ENABLE KEYS */;
UNLOCK TABLES;
/*!40103 SET TIME_ZONE=@OLD_TIME_ZONE */;

/*!40101 SET SQL_MODE=@OLD_SQL_MODE */;
/*!40014 SET FOREIGN_KEY_CHECKS=@OLD_FOREIGN_KEY_CHECKS */;
/*!40014 SET UNIQUE_CHECKS=@OLD_UNIQUE_CHECKS */;
/*!40101 SET CHARACTER_SET_CLIENT=@OLD_CHARACTER_SET_CLIENT */;
/*!40101 SET CHARACTER_SET_RESULTS=@OLD_CHARACTER_SET_RESULTS */;
/*!40101 SET COLLATION_CONNECTION=@OLD_COLLATION_CONNECTION */;
/*!40111 SET SQL_NOTES=@OLD_SQL_NOTES */;

-- Dump completed on 2023-08-07 14:49:07
